id,domain,status,purchase_price,renewal_price,attractiveness,demand,length,registrar,created_at,expires_at,status_verified_at
29e7a803-3e5d-47ec-8bd4-74ed810e6394,trisyllabic.app,available,,,high,high,11,,,,
f1821035-a089-4d08-af51-6edaa5c63e73,sealife.app,available,,,high,high,7,,,,
1bb63c0b-7f17-40f3-8970-f2d0783029f7,plodded.app,available,,,medium,low,7,,,,
ce3ac3fe-ef94-4f07-89f3-de8df5dd68bb,grampa.app,available,,,high,high,6,,,,
03535abe-38e8-438e-8883-de9976605118,undermine.app,available,10.99,16.99,medium,low,9,namesilo,,,29/09/2026 06:16
375b2724-3fb9-4821-b484-e6f2fbf44311,symbolise.app,available,,,high,high,9,,,,
22549d43-e3ea-4494-aef3-c43664a140f1,agnomen.app,available,10.99,16.99,medium,low,7,namesilo,,,17/09/2026 18:44
484481f1-d905-4801-820b-9001a493e061,elstow.app,available,,,high,high,6,,,,
22853818-86a5-4446-84b9-9304e6f0e5ab,trumpeting.app,available,,,high,high,10,,,,
521221cf-2eff-4d19-b5d9-45e73fb95627,rhomboid.app,available,6.98,22.98,high,low,8,namecheap,,,09/09/2026 16:47
d7fbe571-d1ea-4a6e-9671-0aa90f71240d,fan.app,resell,,,high,medium,3,united-domains AG,05/05/2018 16:00,05/05/2027 16:00,26/09/2026 06:00
abc1de15-a94f-4846-8989-45a8401b7c02,disembark.app,available,10.99,16.99,high,high,9,namesilo,,,27/09/2026 06:04
4ee6c218-feea-4964-8eda-3aa83d57b5e6,egregious.app,available,10.98,22.98,medium,low,9,namecheap,,,15/08/2026 19:48
6bb1d367-d22a-4ba0-a7f2-aa8c914a971a,youtubian.app,available,,,high,high,9,,,,
3d3d9676-4d54-4f17-b919-3f934d69b994,briny.app,available,10.98,22.98,high,low,5,namecheap,,,11/08/2026 04:25
3f26cbca-93a8-4123-bfc9-1a1748230faa,multinational.app,available,8.75,14.93,high,low,13,porkbun,,,01/10/2026 05:37
31aff876-913e-4400-8292-d4a10fcac7cd,unleavened.app,available,6.98,22.98,high,low,10,namecheap,,,12/09/2026 14:46
3ebd947f-cbdf-47cc-a1b5-76f5f7046c0a,drinamyl.app,available,,,medium,low,8,,,,
36cf1ffb-56e6-4350-a06d-5f3ff1cebc39,rosebudding.app,available,,,high,low,11,,,,
f5c314c0-7885-465f-823f-c3e77f68c8bc,kimonolike.app,available,,,high,high,10,,,,
1d21af70-819b-4ef6-9368-1b65e4834dd4,asian.app,premium,413.17,413.17,high,low,5,spaceship,,,03/10/2026 12:32
f9a73df4-9004-4382-aeb1-52f3e1a7dec3,autoerotic.app,available,10.98,22.98,medium,low,10,namecheap,,,07/08/2026 20:01
05e1ed30-036a-4a07-8663-a44bf292c6cc,antiparticle.app,available,,,high,high,12,,,,
da66d923-f488-4b3a-80f2-d5462c071e66,centroids.app,available,,,medium,low,9,,,,
bb22a08f-9e03-472b-9cb8-1773e2834d7b,groundsheets.app,available,,,medium,low,12,,,,
bc43f433-ab4b-4306-b83b-2581bc07f740,pekingese.app,available,,,high,high,9,,,,
913cd383-b6d3-4caf-94e4-1bc73bd4adde,autotomic.app,available,10.98,22.98,medium,low,9,namecheap,,,07/08/2026 21:13
3848d9c0-1155-4ba5-9d7c-a1aaebbf593c,touchlines.app,available,,,high,high,10,,,,
48ac08bc-9358-4beb-a083-a508d7aa4fd0,deployment.app,resell,,,high,low,10,,,,29/09/2026 18:37
448b55e8-a595-4d45-a54e-88e1d2830fe1,goldsmiths.app,available,,,high,medium,10,,,,
20fb96a2-2090-4f80-8273-158fe3b6a05d,vigilantist.app,available,,,medium,low,11,,,,
46859a24-3cbd-42e0-aa3c-ea52d2ec2248,velour.app,resell,,,high,high,6,"Sav.com, LLC - 42",19/09/2025 08:08,19/09/2027 08:08,26/09/2026 09:57
10ee5bde-ce88-44e9-b91e-546b96b83f63,cononie.app,available,,,high,high,7,,,,
cd9a99b3-ee85-4fb6-bcdd-804fb3b91a31,impressionistic.app,available,,,high,high,15,,,,
a4f6a45b-bf96-49b0-9d30-420c1fa3d85b,gridding.app,available,,,high,low,8,,,,
06c09427-2e4c-4246-99f1-a0f4d910bd5f,affectioned.app,available,,,high,high,11,,,,
991143ee-cb6e-4be5-b002-01c78a8de724,fluted.app,available,10.99,16.99,high,low,6,namesilo,,,02/10/2026 07:35
ab4b4e73-3d8d-4f48-ba44-01463685d648,bolshevik.app,available,10.98,22.98,high,low,9,namecheap,,,10/08/2026 17:50
1ff5cf45-e3ed-4263-b7d3-a92c2056f23c,gardened.app,available,,,high,high,8,,,,
7790b4e9-3b28-4ab2-991f-39ad9f21fffe,prophetically.app,available,,,high,high,13,,,,
edbfe223-10bf-4e69-9012-653b2680a706,whittener.app,available,,,high,high,9,,,,
18f04a0e-2ae9-4146-be97-baf991c0cc76,athokpam.app,available,,,high,high,8,,,,
fa56ef24-c75a-422d-b5dc-60501b49b84e,spinous.app,available,10.98,22.98,medium,low,7,namecheap,,,
1a361edc-1082-45b9-a03f-482331c6f63e,laval.app,resell,,,high,low,5,,,,28/09/2026 05:09
00e835cc-bbe2-4f03-a261-734d10513232,aristophanes.app,available,8.2,14.2,medium,low,12,cloudflare,,,02/10/2026 00:26
ff27c877-d451-406c-b946-f573b6327fbf,abidden.app,available,,,medium,low,7,,,,
a0e2c3e5-d840-4eff-ba51-431f8f1703f5,antipathy.app,available,10.99,16.99,medium,low,9,namesilo,,,19/09/2026 14:53
329a3bf6-82ea-43bf-9e4d-d7f76b6ab5c5,salvadorean.app,available,,,high,high,11,,,,
ccf119f2-619b-45b4-ae44-5a41984b4646,sender.app,resell,,,high,low,6,,,,02/10/2026 16:44
706c9e81-0709-49af-ad27-bfc2291cf362,napped.app,available,10.98,22.98,medium,low,6,namecheap,,,18/08/2026 07:44
541564c9-ac2b-4cda-bcb0-e18f468c9795,slaty.app,available,6.98,22.98,high,low,5,namecheap,,,10/09/2026 10:19
526be416-3632-4dff-89f5-6e4b7dea3e57,worrell.app,available,8.75,14.93,medium,low,7,porkbun,,,04/10/2026 03:59
6b1a86f5-1f8e-44e9-8776-93029d1a64ab,overhanded.app,available,6.98,22.98,medium,low,10,namecheap,,,04/09/2026 20:12
b16420e6-198c-477f-a9d1-8c86e929c421,fossorial.app,available,10.98,22.98,high,low,9,namecheap,,,18/08/2026 13:21
57c0eb92-1f11-4bc9-a571-7cb0d62197aa,gop.app,resell,,,high,low,3,West263 International Limited,17/07/2019 16:36,17/07/2027 16:36,28/09/2026 09:54
3a95d882-945b-4a88-95a6-2e704c80c051,obviates.app,available,,,medium,low,8,,,,
4579720a-db18-4e55-8baf-7815815f3552,carbonatable.app,available,,,high,low,12,,,,
f3b497ea-d7b7-4cef-b30a-966a9640b69f,prr.app,resell,,,high,low,3,,,,02/10/2026 19:05
22b88b1e-d53c-45c2-ac38-455096236f86,gotts.app,available,,,high,high,5,,,,
ff3fc629-ebcd-4975-b1d1-4ad12fd60f38,reaganomics.app,available,,,high,high,11,,,,
9a763d73-63ff-4408-bc98-dd405375f7ea,poisson.app,premium,50.92,50.92,medium,low,7,spaceship,,,28/09/2026 11:23
a4ca8506-5e04-454d-8efc-1846f3c657a2,necktie.app,available,10.99,16.99,high,high,7,namesilo,,,25/09/2026 12:19
4507554d-2f58-4a59-9d45-fbb31e76eeb2,tab.app,resell,,,high,low,3,,,,28/09/2026 10:59
db273eaf-78a9-4853-80e1-1e32416a1bbc,withdrawals.app,available,19.5,,medium,low,11,unstoppable,,,04/10/2026 10:15
3eeeef3a-52aa-415d-8831-e317055e5435,strahan.app,available,8.48,14.69,medium,low,7,spaceship,,,04/10/2026 19:26
5c725543-6a36-42d2-aa8b-e366fa4c2a43,executively.app,available,,,high,low,11,,,,
ba14482e-7678-429e-b633-f700f9f4ca58,socialisation.app,available,,,high,high,13,,,,
eb63bd0e-0cfc-438a-a7bc-fd8d13236809,campaigners.app,available,,,medium,low,11,,,,
f3f00aef-b95e-4601-9169-3ea355d039fa,shivering.app,available,6.98,22.98,high,medium,9,namecheap,,,10/09/2026 06:40
a1cc3eaf-0f20-46ab-8c9e-de1190eeb8c7,footgear.app,available,,,high,high,8,,,,
39617539-b57b-442e-b8ff-5317d5d07ee5,japes.app,available,,,medium,low,5,,,,
cb355960-11dd-4186-8afd-89fafc0691b3,droll.app,available,,,high,low,5,,,,
d346c2d0-aff0-473f-acdd-c132e6d8a81e,whorled.app,available,10.98,22.98,medium,low,7,namecheap,,,12/08/2026 16:18
440b8e69-1a59-4191-95d7-91b0cc2b4898,midcondylar.app,available,,,medium,low,11,,,,
716a958a-e513-4a43-9623-d433e9d31a86,mycorrhizal.app,available,8.48,14.69,medium,low,11,spaceship,,,03/10/2026 18:32
fe7d0da5-1670-4cda-9baa-bd04862a56c7,colorless.app,available,10.98,22.98,medium,low,9,namecheap,,,12/08/2026 17:53
096ed2c3-d579-4f2e-9c5a-3e3070916372,orkney.app,available,19.5,,high,low,6,unstoppable,,,29/09/2026 15:23
6aab61c8-c5dd-40cf-be5a-96d7b3bd17fb,ides.app,available,,,high,high,4,,,,
03e79571-207a-4d11-bfe1-74b87421e111,dissociable.app,available,,,high,high,11,,,,
9584ab4c-d028-4db5-aa46-e31d5301b2fb,wining.app,available,,,high,high,6,,,,
6fc372e9-f54c-4ef9-b6a9-09f8e4195a91,implemented.app,premium,50.92,50.92,high,low,11,spaceship,,,03/10/2026 07:05
c2cba24e-354f-4bab-bf38-8dfc36821bf8,dolose.app,available,,,high,low,6,,,,
9ed4c583-d066-4d48-b09a-bc071322442f,pooch.app,resell,,,high,high,5,Namecamp Limited,02/08/2019 06:44,02/08/2027 06:44,26/09/2026 08:14
2147503a-e8f9-4cfa-8396-b3e23595a80c,backbenchers.app,available,,,high,medium,12,,,,
c2065c71-02a8-48bd-9601-10bc88187a70,kurds.app,available,19.5,,medium,low,5,unstoppable,,,28/09/2026 05:10
7fc45249-4e6a-4e52-886c-beb21898dbf1,disturbing.app,available,10.98,22.98,medium,low,10,namecheap,,,14/08/2026 13:16
c8224491-52d3-47df-877a-2fbb65aaac9a,godhead.app,available,10.98,22.98,high,low,7,namecheap,,,
7d229b0b-d89c-47a7-92e5-dfb6f66ec562,unanswered.app,available,6.98,22.98,high,low,10,namecheap,,,12/09/2026 00:43
40ea4765-6cd1-4f5a-a7d2-1345bee35d42,summerise.app,available,,,high,high,9,,,,
8e781419-3cd0-40cf-88dc-ceb22a190158,bisect.app,available,,,high,high,6,,,,
d66e2bf2-bc23-47e3-ab65-10d4faf11ccd,waistcoat.app,available,,,high,high,9,,,,
2537b2f0-3852-409d-a90a-e693c456b5cb,doublehearted.app,available,,,high,high,14,,,,
6d3d0065-e668-410a-b12b-4469cc4c8ffd,alkaloidal.app,available,10.98,22.98,medium,low,10,namecheap,,,
39532768-5ff1-458c-a24e-01c172dc1209,trite.app,available,10.98,22.98,medium,low,5,namecheap,,,08/08/2026 11:19
def6464a-0d5a-400c-866f-ecfce44c870d,percussive.app,available,6.98,22.98,high,low,10,namecheap,,,08/09/2026 16:22
cc617d33-e9cb-4da7-8360-b72c8da19ec3,hollo.app,resell,,,high,low,5,Dynadot LLC.,14/02/2026 20:13,14/02/2027 20:13,26/09/2026 06:41
9ac391d3-c99c-4a77-83e4-57cf5083dd2e,motive.app,resell,,,high,medium,6,"Spaceship, Inc.",25/07/2024 08:50,25/07/2027 08:50,26/09/2026 07:39
eced7243-7889-4d79-83f8-1f22288b497a,aspirer.app,available,10.98,22.98,medium,low,7,namecheap,,,07/08/2026 05:12
0d8c715a-a664-4365-b3eb-85f13ba2bc2a,christ.app,resell,,,high,low,6,Dynadot LLC.,25/04/2025 17:16,25/04/2027 17:16,29/09/2026 09:03
7d291855-1f34-48af-95e8-91cff3391855,grange.app,resell,,,high,low,6,,,,04/10/2026 11:59
b1a54eff-42dd-471f-8a65-da15f2d6cca6,temperamentally.app,available,,,high,high,15,,,,
5c32ac1f-0e0b-418b-9347-c9852248bc5e,daniela.app,premium,108.6,108.6,medium,low,7,porkbun,,,02/10/2026 01:34
74bd6fd5-9f50-49a4-b0e0-d296ef1e558b,riser.app,resell,,,high,high,5,Dynadot LLC.,25/07/2022 17:39,25/07/2027 17:39,26/09/2026 08:41
b2d4afba-0c85-41da-aa8c-5210ec5f6474,bothered.app,available,10.99,16.99,high,low,8,namesilo,,,23/09/2026 01:08
fb203d91-440d-467b-b787-34be949222c5,infodesk.app,available,,,high,high,8,,,,
7e4a0707-b27f-49f1-a86b-82d5057f0d9b,wigner.app,available,8.75,14.93,medium,low,6,porkbun,,,03/10/2026 19:55
e4ac4bba-59ed-4d78-afd4-79cc3305be48,approbate.app,available,,,high,high,9,,,,
6c718fdc-40cc-4ee4-8d2b-cda6f9f091d3,nichols.app,premium,57.82,57.82,high,low,7,namesilo,,,25/09/2026 17:20
145a0ae9-dcab-47ff-bb56-449695dba715,tipperary.app,available,19.5,,high,low,9,unstoppable,,,29/09/2026 09:36
266eba60-f16f-4855-8281-fd65dd1561cf,isle.app,resell,,,high,low,4,"Spaceship, Inc.",08/05/2018 17:03,08/05/2027 17:03,30/09/2026 00:26
23950971-8b31-4d8d-99dc-6f9ffebde64d,antidermatitis.app,available,,,medium,low,14,,,,
b803f1d9-bc46-4b49-b808-7d1cdbc9e50a,csi.app,resell,,,high,low,3,,,,01/10/2026 22:38
fca935e0-f4d1-4421-8431-ea2ecd00b178,loudhailer.app,available,,,high,high,10,,,,
6b584b92-6658-4d9a-aebd-e7e832370a99,desecrated.app,available,10.98,22.98,medium,low,10,namecheap,,,14/08/2026 03:18
62220114-f249-4dea-a599-7cd351922df0,magdalene.app,available,8.2,14.2,high,low,9,cloudflare,,,03/10/2026 03:23
429a2e32-6470-4280-878f-1cc3ec1ee73c,ena.app,resell,,,high,low,3,,,,02/10/2026 18:37
e80a23b4-6d33-4c34-ba90-80348fdd0d1f,palaeontology.app,available,,,high,low,13,,,,
2ad0ce41-bd1e-49f3-86ac-d244e636cc27,blotting.app,available,,,high,high,8,,,,
efbe4193-7cf4-423e-a13e-0be65bd0ade2,syllabic.app,available,6.98,22.98,high,low,8,namecheap,,,11/09/2026 05:58
e53bc39e-9466-48e0-b7da-caf5a55bcb4a,disarmer.app,available,6.98,22.98,high,low,8,namecheap,,,04/09/2026 22:39
83119a73-6f3a-49b0-ac0d-eb47e60b6e86,parafle.app,available,,,high,high,7,,,,
22717410-eac3-4fc4-b677-bc3bc1ad2bc5,smirks.app,available,10.99,16.99,medium,low,6,namesilo,,,20/09/2026 14:28
e8941175-7209-475b-8f69-d56cdf384711,alphamerically.app,available,,,low,low,14,,,,
f2ebeae2-66c4-4378-924d-038e334c6237,tetley.app,available,,,high,high,6,,,,
ef3a927d-dc82-449d-91bd-f7f2d67aea22,quodlibetarian.app,available,,,high,high,14,,,,
78ad16f2-1609-4afb-b45d-1092f601fcd0,nightshirt.app,available,,,high,high,10,,,,
4d6e1028-218d-405e-a1d0-f06a486506df,unfailing.app,available,10.98,22.98,high,low,9,namecheap,,,18/08/2026 10:39
a13f41fb-7666-4b89-83e7-047f2516611c,actinism.app,available,10.99,16.99,medium,low,8,namesilo,,,17/09/2026 04:50
abf9fded-dbc1-42fd-bda6-907fb4af164a,cidra.app,available,,,high,high,5,,,,
9be1f279-d347-4cb6-b4a3-ed836658c8be,stemming.app,available,10.99,16.99,high,low,8,namesilo,,,04/10/2026 08:04
7ac3ca01-c8e1-4ccf-b0a0-6fb19683cbda,summarising.app,available,,,medium,low,11,,,,
7e71d248-e532-44d6-8c2e-ace55315035c,acapnia.app,available,10.98,22.98,high,low,7,namecheap,,,16/09/2026 21:08
6ca7acb5-b1e4-47dc-8c59-33cdc0b9e1c5,autographing.app,available,,,high,high,12,,,,
0bd628d0-b225-4741-8e94-8bc1fd2d3bc7,periphrasis.app,available,,,high,low,11,,,,
d029a7ba-6825-4af3-a252-3dc5cff661b1,sweatbox.app,available,,,high,high,8,,,,
94ce17a6-0ea3-4564-a75f-17035b8ca41c,relabels.app,available,,,medium,low,8,,,,
8fded476-514b-4a74-a25e-2ca38576cb38,capsulize.app,available,10.98,22.98,high,low,9,namecheap,,,11/08/2026 18:15
c4aa4edf-f5d5-4062-9d3e-1036215532c9,welshman.app,available,6.98,22.98,high,low,8,namecheap,,,13/09/2026 10:44
9de5c892-830c-4837-8a33-383eea3b25d4,lifeless.app,available,10.98,22.98,high,low,8,namecheap,,,17/08/2026 15:52
a37af2ad-44b3-4da6-aeb1-db94874cb5c0,phyllodial.app,available,6.98,22.98,high,medium,10,namecheap,,,08/09/2026 19:25
1defd3ea-5741-49fe-b511-e27b9b52b268,ruptured.app,available,8.48,14.69,medium,low,8,spaceship,,,29/09/2026 16:06
10379ef9-9c30-4060-97b3-12e4374dcf2d,coniferous.app,available,10.98,22.98,high,low,10,namecheap,,,12/08/2026 20:37
bd7daaca-ccf9-41e0-a330-a6de97b4a45a,expatriation.app,available,,,high,low,12,,,,
882ba0e2-ccde-4baf-949f-a22c76108099,rocks.app,resell,,,high,low,5,"GoDaddy.com, LLC",23/12/2020 13:08,23/12/2026 13:08,26/09/2026 08:43
e1dce2fb-1492-40d3-ab06-0baa24e6d401,cyclamate.app,available,,,high,high,9,,,,
c8b78257-a824-4a17-a54a-b34c53844ce8,elope.app,resell,,,high,high,5,Dynadot LLC.,28/07/2023 19:22,28/07/2027 19:22,26/09/2026 05:48
9dcdc578-37df-49c4-87fe-fb7f24e799f6,nettled.app,available,,,high,low,7,,,,
8e6afaaf-1bca-40ae-8cc1-f9157cd77184,strabismus.app,available,6.98,22.98,medium,low,10,namecheap,,,10/09/2026 17:49
0572a1c2-859b-4dd7-a5d4-a14a5218a2f6,ergonomics.app,resell,,,high,low,10,"Spaceship, Inc.",05/04/2026 09:16,05/04/2028 09:16,26/09/2026 05:52
c5311028-8a1f-4cee-a442-1d265a1b50f1,epicene.app,available,10.98,22.98,medium,low,7,namecheap,,,12/08/2026 08:38
3970bde4-6125-49d4-a4ac-1898f32f5bcb,populariser.app,available,,,high,high,11,,,,
7d2c148a-5dbf-439d-ae7a-92135d86125f,protectors.app,available,8.48,14.69,high,low,10,spaceship,,,04/10/2026 09:50
68bd4dca-327c-4f1a-b877-aa59b61c707a,vestrywoman.app,available,,,high,high,11,,,,
084e05bf-9fce-4609-92f1-6310410d7601,revetement.app,available,,,high,high,10,,,,
dbaa50a3-00fb-4901-8e0c-e3c17e945cc9,unbarbered.app,available,,,high,high,10,,,,
aaccf5ba-f206-4c37-bdc0-2a6917e90515,lawsuits.app,resell,,,medium,low,8,,,,29/09/2026 11:39
2bb8186e-fa78-4b85-9712-e673d8ce38be,gymkhana.app,available,,,high,high,8,,,,
b53a50e4-9c80-42b6-932a-c0be0e229e58,telecourse.app,available,,,high,high,10,,,,
04bb352f-29ec-4830-8d9b-30a465e147eb,townfolk.app,available,,,high,high,8,,,,
9197cb3d-af55-4895-a020-c2a716447587,wilberforce.app,available,14.2,14.2,high,low,11,cloudflare,,,30/09/2026 05:04
9f671b90-1e2a-45e9-bba1-cf9b2373b0b0,ahn.app,resell,,,medium,low,3,,,,30/09/2026 20:22
b2d4ca23-5404-4086-ba48-861b755aa4b8,slaying.app,available,8.2,14.2,medium,low,7,cloudflare,,,03/10/2026 11:43
9b827b94-7247-49e9-8a54-bef6103239ab,humplike.app,available,,,high,high,8,,,,
ca129b89-a00e-44de-a50f-8781c3742a19,poncho.app,resell,,,high,high,6,"Global Domains International, Inc. DBA DomainCostClub.com",05/01/2021 11:32,05/01/2027 11:32,26/09/2026 08:14
b002ffde-0c25-4874-91be-19282b440295,weser.app,available,10.99,16.99,high,low,5,namesilo,,,02/10/2026 17:08
04d39fa4-ee4f-4d1c-911d-9a44892bf6fe,engender.app,available,,,high,high,8,,,,
02985c21-0344-4091-a3ec-d577c92d843d,faking.app,available,8.75,14.93,medium,low,6,porkbun,,,02/10/2026 03:46
75ab6f1f-3a72-4f1a-a5e3-e026369f321c,labrouste.app,available,,,high,high,9,,,,
96f3ef69-c802-475c-94e2-bda44ce71a71,baserunning.app,available,,,high,high,11,,,,
e0864c79-f9be-424e-8629-9a6eb3e34aba,boldface.app,available,10.98,22.98,high,low,8,namecheap,,,10/08/2026 17:43
fd6e3ff3-dd02-47b6-9ea6-04e0d9518e85,scaring.app,available,10.99,16.99,medium,low,7,namesilo,,,02/10/2026 03:46
d8a8120f-2015-4d49-9b90-40a50704c3e4,ironworking.app,available,,,high,low,11,,,,
fb0fc81d-eb81-42fe-afe5-aa71bd94badd,keycard.app,resell,,,high,high,7,Atom.com Domains LLC,15/08/2022 17:02,15/08/2027 17:02,26/09/2026 07:04
66d91918-df92-41bd-afde-9497ac48d1ae,federations.app,available,,,high,low,11,,,,
c5605c7b-406a-442f-b936-80dfbe8ecae2,fairbanks.app,available,10.99,16.99,high,low,9,namesilo,,,30/09/2026 01:22
de92e03a-bede-4893-bc57-092d142c223c,warm.app,resell,,,high,low,4,"Global Domains International, Inc. DBA DomainCostClub.com",26/09/2023 14:04,26/09/2027 14:04,26/09/2026 10:03
c4dc8e69-2364-45b4-b933-0922470804ae,boadicea.app,available,,,high,high,8,,,,
d0ca6836-47d4-42ae-b9d7-001a5d3fbab5,tumescent.app,available,10.98,22.98,medium,low,9,namecheap,,,22/08/2026 08:52
817427d0-f3ed-4b9b-b98e-ab45ceb9e9d4,eluru.app,available,,,high,high,5,,,,
4038b7cb-1ec9-4e0c-9678-6424f9ca6489,shooter.app,resell,,,high,low,7,"GoDaddy.com, LLC",22/09/2020 02:31,22/09/2027 02:31,26/09/2026 08:59
87b8d249-198c-4f70-b1e7-951759c1cbb2,twilight.app,resell,,,high,low,8,"Sav.com, LLC - 12",24/07/2026 07:30,24/07/2027 07:30,26/09/2026 09:49
1c0ebae3-b743-4662-b079-a16599086f88,countercapitalism.app,available,,,high,high,17,,,,
94f87d6e-0c9f-4d47-a28a-d30eb65af94c,geophysics.app,available,,,high,high,10,,,,
394bfc02-3635-44e3-b757-d33d29a19e16,debar.app,available,10.98,22.98,medium,low,5,namecheap,,,22/09/2026 03:43
68ceb77d-021f-4f01-be4b-f7c8b6d3d5b0,whakatane.app,available,,,high,high,9,,,,
6eb723c0-2825-47be-9a3b-04c96b235579,livid.app,resell,,,medium,low,5,Dynadot LLC.,19/07/2022 04:44,19/07/2027 04:44,26/09/2026 07:16
6d50a88f-a681-40ce-9a52-7101b7aa7be9,wholesomely.app,available,,,high,high,11,,,,
faac27cc-055b-42a4-ac2f-b95ab53ea869,daypack.app,available,,,high,high,7,,,,
a3e339c1-05d0-4b9d-9726-ffd246761b1a,intimidation.app,available,14.2,14.2,high,low,12,cloudflare,,,30/09/2026 06:21
bcea2a9b-9862-4468-860c-a7eace4ad760,indwelling.app,available,10.98,22.98,high,low,10,namecheap,,,22/08/2026 03:37
6a600ecc-d47b-4bb3-9f73-4db73642d9b1,inharmonic.app,available,10.98,22.98,medium,low,10,namecheap,,,14/08/2026 10:54
1229aa4b-4f2e-4f89-8f4d-27b7e96cd533,boomed.app,available,,,medium,low,6,,,,
9cbd7a95-b6f2-42b6-a3ba-024f484253a6,slamming.app,available,10.98,22.98,high,low,8,namecheap,,,03/10/2026 13:42
aee940fc-344a-4c10-86df-2170c61c21f8,entertainments.app,available,,,medium,low,14,,,,
a5b9727c-c914-4022-a67c-ad0e8d01d622,portland.app,resell,,,high,low,8,"Global Domains International, Inc. DBA DomainCostClub.com",02/08/2023 02:11,02/08/2027 02:11,30/09/2026 07:12
2c0afd44-335f-4285-bbc2-b269cc06c7a8,plagued.app,available,14.2,14.2,medium,low,7,cloudflare,,,29/09/2026 03:23
63e813b1-77ce-45e8-8161-f7d77f9e3f19,liquids.app,premium,,,medium,low,7,,,,01/10/2026 14:18
09d689ae-cf4f-4e3b-8439-5873072ad906,revamping.app,available,,,high,medium,9,,,,
55d9b42c-4aa3-4808-b2be-fcdc2c9dfd56,unassuming.app,available,14.2,14.2,high,low,10,cloudflare,,,27/09/2026 13:26
f136bef0-43d0-4b3e-8b53-1c3627b1d925,pillowcases.app,available,10.98,22.98,medium,low,12,namecheap,,,21/09/2026 01:49
e570a8fa-c676-4422-a9f8-70cb740cf4a9,titmice.app,available,,,medium,low,7,,,,
8ae7196f-86da-4cf5-8bfd-a41178c48033,sweltering.app,available,6.98,22.98,high,low,10,namecheap,,,11/09/2026 05:40
43bc91db-79d5-4c46-b5f1-1bdab7b789a9,caddo.app,available,8.48,14.69,high,low,5,spaceship,,,30/09/2026 16:33
86e4fe0e-2864-4475-a9a1-524fe33fc14c,unstained.app,available,6.98,22.98,medium,low,9,namecheap,,,10/09/2026 18:17
3774225d-ec1b-4838-bf5b-e54e71b3ca54,sneering.app,available,6.98,22.98,high,medium,8,namecheap,,,10/09/2026 12:32
5f6592b9-301f-4baf-bc99-c13c0ac0286a,moniliales.app,available,,,high,high,10,,,,
1dc09ebc-6c21-4687-81bc-691dce7ae95a,bottlefeeding.app,available,,,medium,low,13,,,,
2a5a9615-780a-4c7c-b1cb-9da419bb4dc4,iodise.app,available,,,high,high,6,,,,
9dcdc23d-9f22-47ee-9444-86b111341ec2,wallow.app,resell,,,high,low,6,"Sav.com, LLC",07/05/2026 13:13,07/05/2027 13:13,26/09/2026 10:03
216a991f-313d-47be-a5c1-41bb2dd8ab5f,unselfconscious.app,available,,,high,high,15,,,,
6688f90e-319a-4fff-8a2a-88351e006f2f,seismic.app,resell,,,high,low,7,Porkbun LLC,30/12/2023 03:19,30/12/2027 03:19,26/09/2026 08:54
8aaeca22-32cd-4ca4-9d18-5b26a1b395f7,westmore.app,available,,,high,high,8,,,,
23c2774b-96fd-45a9-83af-086b751b0773,hacked.app,resell,,,high,low,6,,,,29/09/2026 17:39
dfba73cb-ce1a-493d-bfe9-b2ee8cdc8357,divorceable.app,available,,,high,low,11,,,,
2919d072-aab0-4875-acd1-937665a52916,strove.app,available,,,high,high,6,,,,
598aa650-d0da-4a55-9ce4-e7a04cb3b4d9,womansplaining.app,available,,,high,high,14,,,,
cfb6592c-b21c-41a7-861e-f7262b3f1a90,celeriac.app,available,10.98,22.98,high,low,8,namecheap,,,19/09/2026 17:33
62407c3a-b8a2-4ab2-ba6f-b1abe39f31e5,frontenac.app,available,10.99,16.99,medium,low,9,namesilo,,,02/10/2026 00:51
fe841b41-acce-400e-9c5a-4806fd5852f8,abier.app,available,,,high,low,5,,,,
b58eea9c-b488-4dec-9234-833f9db17249,chortles.app,available,,,medium,low,8,,,,
43b4c439-0982-4221-aca3-9edae0ded756,fagan.app,available,10.99,16.99,high,low,5,namesilo,,,30/09/2026 05:33
2928a356-7609-42e8-828b-53309421247f,muni.app,resell,,,high,low,4,,,,30/09/2026 12:26
de8dc6ca-9b24-455d-b331-9f3e245c1412,executant.app,available,,,high,high,9,,,,
4c46f7fb-1eb7-4f92-a547-621e482d1234,bather.app,available,10.99,16.99,high,low,6,namesilo,,,22/09/2026 13:31
6dcefde4-aab4-4e98-bafe-5462c1ab00c7,cooley.app,available,8.48,14.69,medium,low,6,spaceship,,,30/09/2026 20:21
b29f7622-f5a7-4cc8-987c-3b3c700f99b1,enchele.app,available,,,high,high,7,,,,
fe16901a-61b2-4643-b0a8-1417968c2e08,goldmohur.app,available,,,high,high,9,,,,
6d681b3c-5a03-4d90-b8fd-07e4546b2822,threesies.app,available,,,high,high,9,,,,
61db7678-8dd4-4fe2-82de-9c22745eedd4,purpleness.app,available,6.98,22.98,high,medium,10,namecheap,,,09/09/2026 06:23
9b9b93f8-9f2b-4b91-a666-2fe5c71bbad5,philanthropist.app,resell,,,high,high,14,Dynadot LLC.,10/05/2018 15:57,10/05/2027 15:57,26/09/2026 08:08
8bbb8218-bb22-48f9-87f9-ebe13d0223c9,spreading.app,premium,57.82,57.82,high,low,9,namesilo,,,10/09/2026 16:45
f9fb2ea3-6e58-4428-828e-3489977ad4d2,lanchester.app,available,,,high,high,10,,,,
b044ad18-3017-46d8-a6b7-5f40f1df6edf,tailoring.app,available,10.99,16.99,high,low,9,namesilo,,,04/10/2026 13:17
3449494f-610a-4937-b7a1-bea6a46115c5,cyclone.app,resell,,,high,low,7,,,,30/09/2026 09:19
84e24abf-e92b-4d3e-8796-d5cd863c75cd,harrisonburg.app,available,10.98,22.98,medium,low,12,namecheap,,,03/10/2026 15:39
58c335b5-2731-4703-be50-cc67be1308a8,prettily.app,available,6.98,22.98,high,low,8,namecheap,,,15/09/2026 21:22
4d4a7296-0bbd-4231-aa94-8ed4a1c17ed0,crowe.app,resell,,,medium,low,5,,,,28/09/2026 12:13
93649474-ed3c-48f2-9ac5-5961281b2782,nonmetric.app,available,6.98,22.98,medium,low,10,namecheap,,,03/09/2026 18:30
283d2a72-4949-4b74-abb3-0926172f7d3e,urbanized.app,available,6.98,22.98,high,low,9,namecheap,,,12/09/2026 23:29
2e760003-a0a5-45ef-8929-63e6009671eb,infectiously.app,available,,,high,high,12,,,,
a2b67807-2d62-41b9-a0e6-a4b4ffd203f5,washerman.app,available,,,high,high,9,,,,
3bcfa56e-454c-4633-931f-5d130d2fa9c7,unequivocal.app,available,,,high,high,11,,,,
ba6d610f-4080-4712-8ca4-a6332a3f0cf5,nutkins.app,available,,,high,high,7,,,,
dabeffcf-0aba-4479-89c5-8ef1f678d673,sojourns.app,available,,,high,low,8,,,,
b6d84726-795c-4d17-a958-db8a7e3356f6,narrowhead.app,available,,,high,high,10,,,,
e1476e1c-fb56-4788-b2ff-19f087a70750,auchengray.app,available,,,high,high,10,,,,
67db8303-d9d0-4a6c-96b4-b51f296317f5,outfitting.app,available,,,high,high,10,,,,
a1c8feb7-fe1f-4644-995f-fd484688cdb5,azoic.app,available,10.98,22.98,medium,low,5,namecheap,,,08/08/2026 02:22
92a6b09f-3238-4949-9fd4-4d27d49f0656,resect.app,available,10.98,22.98,medium,low,6,namecheap,,,17/08/2026 15:12
57422093-2ae3-4b66-9280-e2c1448e724b,skint.app,resell,,,medium,low,5,Dynadot LLC.,30/04/2026 23:01,30/04/2027 23:01,26/09/2026 09:03
554adf11-4ebb-402c-a4c0-0462ea21a91b,subacademic.app,available,,,high,high,11,,,,
c6ad850c-af8c-4c84-940e-5ef8257ea571,austrohungary.app,available,,,high,high,14,,,,
ba568ad3-e7ba-41de-babb-16a0cda89b68,berkelium.app,available,10.99,16.99,medium,low,9,namesilo,,,21/09/2026 00:14
9aad60bb-578e-447c-88ad-6cf5eb601801,fifa.app,resell,,,high,medium,4,,,,30/09/2026 12:50
4bd87298-6279-43fe-9e08-a1b78d6399e1,aflatoxin.app,available,10.99,16.99,medium,low,9,namesilo,,,17/09/2026 15:06
b05cc1a4-0d04-40f4-a1a5-3d8fed5974a6,curly.app,resell,,,high,low,5,"Global Domains International, Inc. DBA DomainCostClub.com",22/12/2025 16:50,22/12/2026 16:50,26/09/2026 05:22
a00950d1-2658-4d5f-8454-aba8fa6d2e52,netanyahoo.app,available,,,high,high,10,,,,
104e0062-7009-4a7b-b33f-ccb1049b5c0d,beshrew.app,available,14.99,26.99,medium,low,7,name.com,,,13/08/2026 16:19
75c07c17-5579-4f2b-a582-38a5b68d0f8a,affecting.app,available,10.98,22.98,high,low,9,namecheap,,,
caf00950-c16d-4e66-bc72-c42927811690,intriguer.app,available,,,high,high,9,,,,
a8b89b68-6c73-45bb-99b5-24260f171687,stanford.app,premium,254.72,254.72,high,low,8,namesilo,,,28/09/2026 06:08
c27dfa10-ea9a-4d74-9c82-e901a9c93172,petre.app,available,19.5,,high,low,5,unstoppable,,,02/10/2026 20:12
3533e8dc-5289-4f22-93e8-9ae2ea3c9e6e,trailerload.app,available,,,high,high,11,,,,
b2d32bda-f1fa-49dc-8371-dc5fe1213a9f,supplier.app,resell,,,high,low,8,"eNom, Inc.",27/06/2019 17:00,27/06/2027 17:00,30/09/2026 08:15
1d27df29-cb78-4099-95b2-f3a280834d6e,syllabary.app,available,,,high,high,9,,,,
fe784904-dcd6-4ace-b464-7f058408d9a8,raf.app,resell,,,high,low,3,Atom.com Domains LLC,08/09/2022 17:54,08/09/2027 17:54,27/09/2026 05:07
6fd937e2-9afd-4e02-96fb-1f5865b302ef,umi.app,resell,,,medium,low,3,,,,01/10/2026 17:12
2324095e-a6d3-4bf6-96c7-2e661150f532,activist.app,resell,,,high,low,8,"GoDaddy.com, LLC",08/05/2018 16:03,08/05/2027 16:03,26/09/2026 01:21
46e77137-c744-4c9e-99e6-1973f3a0b375,goris.app,available,,,high,high,5,,,,
04fb7031-4335-4ee7-9e44-de0ed2db12b8,corking.app,available,10.98,22.98,high,low,7,namecheap,,,08/08/2026 12:20
8442f26b-bdaf-43b7-9bc5-9f433f625526,orangewood.app,available,,,high,high,10,,,,
6d19633f-c5d0-4012-98b4-d907aadf8d16,task.app,resell,,,high,low,4,Dynadot LLC.,16/07/2024 18:26,16/07/2027 18:26,04/10/2026 02:25
1d2a1237-679b-4720-90c3-38f8978706a7,kitchawong.app,available,,,high,high,10,,,,
85763950-0260-4a34-b6f9-6338b727a477,ade.app,resell,,,high,low,3,"Global Domains International, Inc. DBA DomainCostClub.com",08/05/2018 16:00,08/05/2027 16:00,26/09/2026 01:22
4938ccf7-fd7f-4a1d-a3d4-0063834c9183,keyless.app,resell,,,high,low,7,Dynadot LLC.,08/05/2018 16:04,08/05/2027 16:04,26/09/2026 07:04
fb39e21a-e7a7-4fb2-98c8-e052b5c90a35,magnetize.app,resell,,,high,high,9,"GoDaddy.com, LLC",09/05/2018 17:29,09/05/2027 17:29,26/09/2026 07:22
ce993356-edf8-4eb8-9d27-ecfd02cfef18,bilocation.app,available,10.99,16.99,medium,low,10,namesilo,,,23/09/2026 16:51
dc5c6f82-9acd-4989-9232-8eff7f201c3c,buckskin.app,available,,,high,high,8,,,,
5b9ba0dd-ca9d-4e0f-9dec-e601dc632185,bombproof.app,available,10.98,22.98,high,low,9,namecheap,,,10/08/2026 18:09
9eebcb69-333b-4e55-a2a1-7a7a0a6e3029,whoppers.app,available,,,high,low,8,,,,
456de656-acf3-46f6-b8ff-d0b50b5aee8a,faceoffs.app,available,,,medium,low,8,,,,
401912d4-274f-4a58-948b-438a7ad98c77,slimming.app,available,,,high,high,8,,,,
b32ffcdc-8765-436f-bb45-37747ad423b4,grief.app,resell,,,high,low,5,Namecheap Inc.,09/05/2018 16:10,09/05/2027 16:10,26/09/2026 06:30
3fafeae7-741d-462d-b556-68b8cd7522be,coinsure.app,available,,,high,high,8,,,,
a894d833-17eb-4b94-922d-edf61dbb25f5,ajuga.app,available,10.99,16.99,high,low,5,namesilo,,,17/09/2026 23:42
0ac26ed0-ce39-4f01-be5f-6e0398b7df0a,crescentic.app,available,,,high,high,10,,,,
a1e5942c-2354-49aa-9b7f-15ead9aaaa93,steeping.app,available,,,high,high,8,,,,
6f9c6843-355b-499b-b186-c5f2f40940ad,liege.app,resell,,,medium,low,5,"Global Domains International, Inc. DBA DomainCostClub.com",09/03/2023 20:10,09/03/2027 20:10,26/09/2026 07:13
6e45ac7f-3363-40ee-a2cd-e59718a779a3,charleroi.app,available,10.99,16.99,medium,low,9,namesilo,,,02/10/2026 04:19
cad44556-6fd8-47bc-a368-e111b0f6b1fe,vivaciousness.app,available,,,high,low,13,,,,
210c40f7-f2f2-4268-ae9f-9ded64358fb2,tennis.app,resell,,,high,low,6,"Global Domains International, Inc. DBA DomainCostClub.com",21/07/2023 16:39,21/07/2027 16:39,30/09/2026 02:23
cbeb04da-c95d-4644-9d2d-d3b56bfd1e2e,snakebird.app,available,10.98,22.98,medium,low,9,namecheap,,,19/09/2026 08:17
45af7850-6efe-4024-8d6b-e56567ded9d6,luftgeschaeft.app,available,,,high,high,13,,,,
30a7460a-7f7b-4020-a08f-8d00d7875c0e,allhallows.app,available,14.99,26.99,medium,low,10,name.com,,,18/09/2026 09:24
4867a686-c385-4161-be75-6cf2322108da,boomboxes.app,available,,,medium,low,9,,,,
87a847c7-64bc-42e0-904b-4547879b88fb,bowing.app,available,10.98,22.98,high,medium,6,namecheap,,,10/08/2026 23:25
ac39436f-edad-487d-bfd8-0c3936ca0ebe,footage.app,resell,,,high,low,7,,,,28/09/2026 01:55
1f10cbe8-fa2c-4b56-8147-09d0ebc4a34f,fortnightly.app,available,,,high,high,11,,,,
8a6c3026-25b3-4975-b50c-8b8b829081fd,involute.app,resell,,,high,low,8,"Sav.com, LLC",05/08/2026 16:36,05/08/2027 16:36,26/09/2026 06:57
3ca5ffd2-427c-4c2a-b9da-07969e015736,promotional.app,premium,128.7,128.7,high,low,11,namecheap,,,29/09/2026 14:37
02f943ba-3bed-490b-b793-7d0377593d02,microexpression.app,available,,,high,high,15,,,,
d39ced0a-9f6a-4b77-8f97-fcaa6a73f61a,herod.app,available,19.5,,medium,low,5,unstoppable,,,28/09/2026 14:26
d7e4b9b1-7cec-4cf7-8263-b263f812926b,emilee.app,available,,,high,high,6,,,,
7e8bffe1-7254-408b-a201-6d1bb044389d,frenchtown.app,available,,,high,high,10,,,,
64850d18-170f-49b9-b0b7-ef06d93168e9,ilocano.app,available,,,high,high,7,,,,
541896e6-a057-4f3a-99a5-1eb2ead8324b,gorobets.app,available,,,high,high,8,,,,
cae62118-70b1-41bb-89d9-667302703e69,bakunin.app,available,10.98,22.98,high,low,7,namecheap,,,21/09/2026 20:26
9c229a8a-14a9-4e82-8d47-4205b7f87d08,regularize.app,available,,,high,high,10,,,,
35a6cbf5-b817-43eb-90c0-03c2245155ff,unabridged.app,available,,,high,low,10,,,,
6028afd8-f1f8-46c7-881c-572d0128c860,prefixally.app,available,,,high,high,10,,,,
27bd5943-f73b-4956-a77c-d047f004d148,nrca.app,available,,,high,high,4,,,,
ebae22d9-5148-473c-9f59-ebabf0fe0b4f,hatteras.app,available,10.99,16.99,high,low,8,namesilo,,,01/10/2026 11:18
1ccd4001-ae09-4232-a9e8-28e09d0b15f7,furnishing.app,available,10.99,16.99,high,low,10,namesilo,,,02/10/2026 05:40
4efa1574-903d-4afe-8139-a84b95472ff6,encouragements.app,available,,,medium,low,14,,,,
ab4e461f-edf6-4652-be59-cde238f92871,highpriced.app,available,,,high,high,11,,,,
4295c5a7-c657-4e9e-9a31-946ed126830f,prospected.app,available,,,medium,low,10,,,,
8520fee4-b0af-463a-bce3-55b9374ddad6,businesswide.app,available,,,high,high,12,,,,
824f8235-bb02-45cc-977a-e5fc7b5ce180,jism.app,available,,,high,low,4,,,,
70b74a01-5301-4403-935f-8401b8dbcea0,trawled.app,available,,,medium,low,7,,,,
a4fc7e66-37fa-4fa3-8316-b7dc78606807,weedwhacker.app,available,,,high,high,11,,,,
7231bea9-34f2-439d-8f88-870c986c028e,wycombe.app,available,8.48,14.69,medium,low,7,spaceship,,,02/10/2026 10:05
8ee3173e-19a1-4509-a15b-bee54d3e9783,notes.app,resell,,,high,low,5,"Go France Domains, LLC",03/05/2018 16:00,03/05/2027 16:00,03/10/2026 04:21
86073e09-e35e-401b-acbd-40dee594a022,stewardesses.app,available,,,medium,low,12,,,,
2450015b-4325-435c-b0f1-0842639c70f4,oklahoman.app,available,10.98,22.98,high,low,9,namecheap,,,16/09/2026 05:05
ebf44e7b-cf0c-4467-ad42-05d95fcc6376,mareth.app,available,,,high,high,6,,,,
9c15d7cd-10ee-4474-bffd-bb853783a8f9,brilliantness.app,available,,,medium,low,13,,,,
6f949baf-7491-46ae-8270-02a06c594d3e,zigzagged.app,available,,,medium,low,9,,,,
0b83b0af-f586-46a8-837b-53cfe9a09ce4,kinsha.app,available,,,high,high,6,,,,
7a12876a-ddd0-45e0-a136-7f8ccd701c9f,nunki.app,available,,,high,high,5,,,,
24bf3612-c295-4967-9613-5851de4740d5,exploits.app,resell,,,medium,low,8,,,,30/09/2026 15:37
732ce06a-72da-4edd-ab3c-188e64dd5493,exhibiting.app,available,10.99,16.99,medium,low,10,namesilo,,,02/10/2026 02:10
85d4f80f-f192-4914-a6c6-5f6f6b82b2fe,steadying.app,available,6.98,22.98,high,low,9,namecheap,,,10/09/2026 19:39
f9e27cbb-5a30-4174-ba3f-4ca41b912dee,vanish.app,resell,,,high,low,6,,,,29/09/2026 14:13
bc38f448-6850-42d8-b250-b5c01a3785ad,ats.app,resell,,,high,low,3,,,,29/09/2026 22:45
d8891193-b327-4bc5-a141-afca6bce30ec,deafening.app,available,14.99,26.99,medium,low,9,name.com,,,13/08/2026 19:54
cb25732b-65d5-464a-8823-4190bde9e0b3,furnitures.app,available,,,medium,low,10,,,,
293f4c14-be91-4287-a757-c2a2aab3eedd,colchester.app,resell,,,medium,low,10,,,,28/09/2026 07:50
903f0cf7-fdfe-428f-a75e-89a07f9d041b,aperea.app,available,10.99,16.99,medium,low,6,namesilo,,,19/09/2026 16:31
2e9de606-42f3-4004-bc99-7006ef1e6b34,deductible.app,premium,57.82,57.82,high,low,10,namesilo,,,13/08/2026 22:27
600f8940-77be-4e54-a7f8-ead4038ed734,petrolatum.app,available,,,high,high,10,,,,
5d2a11e4-7460-4055-9e75-639a7b63387d,withdraw.app,resell,,,high,low,8,Dynadot LLC.,30/03/2025 06:27,30/03/2027 06:27,26/09/2026 10:11
09671702-a7fe-44a7-a3f5-620d6e6f9464,riper.app,available,,,medium,low,5,,,,
1b6d2157-a30f-4423-94e6-cff1b6a795a5,aldopentose.app,available,,,high,high,11,,,,
747a2d5d-a451-41a1-9ea5-296058ed96b1,loudhailers.app,available,,,medium,low,11,,,,
d9b03d39-6775-49e6-bef5-f9bc9b01ed35,backal.app,available,,,high,high,6,,,,
fd7a506e-1649-40dc-a6c2-5b29fe1f9a6d,benzoate.app,available,10.99,16.99,high,low,8,namesilo,,,23/09/2026 08:56
f44a4727-0e2a-486e-995f-0c22802ee923,telescopic.app,available,,,high,low,10,,,,
0d714f68-4aff-41a7-9ce6-9c1e8e2c9475,foolishly.app,available,6.98,22.98,medium,low,9,namecheap,,,14/09/2026 19:22
87da9e34-63ae-48e0-979e-80f2145c14d8,gossipy.app,available,,,high,low,7,,,,
83ea57b0-2db7-4fea-8394-c5408e2a315e,cromwell.app,resell,,,high,medium,8,,,,30/09/2026 09:17
bbee3e34-647f-4ced-b966-ea6082f14618,mullah.app,available,,,high,medium,6,,,,
422d6b1a-f753-4a31-ae2e-5621143c4f39,statues.app,available,8.48,14.69,high,low,7,spaceship,,,29/09/2026 10:39
007eb48a-dda6-4ad1-8c17-cf682c930e4e,cernuous.app,available,10.98,22.98,medium,low,8,namecheap,,,12/08/2026 00:44
0b4801a4-6191-47f1-90f3-f9c89b72c8b4,conical.app,available,,,high,low,7,,,,
a2c1530f-1f9e-40f2-b92a-9cb21815fc19,expanse.app,resell,,,high,high,7,"Sav.com, LLC",26/07/2019 16:47,26/07/2027 16:47,26/09/2026 05:57
e06bfe32-b5b3-44e7-a134-57fe458f761b,beebread.app,available,10.99,16.99,medium,low,8,namesilo,,,18/09/2026 17:24
e8b0964e-a1d9-4419-86aa-b8e9ca51f687,wooten.app,available,8.48,14.69,high,low,6,spaceship,,,03/10/2026 15:23
02801920-1880-472e-b091-4f15acf4ec2d,performances.app,premium,57.82,57.82,medium,low,12,namesilo,,,29/09/2026 23:43
0e1dc09b-0257-4bc7-89b8-5a0041e931e0,genseric.app,available,,,high,high,8,,,,
5059ad37-13bc-4fad-9128-6ef16c3f95d0,cleanly.app,resell,,,high,low,7,"Sav.com, LLC - 49",11/09/2025 06:00,11/09/2027 06:00,26/09/2026 04:58
e2a65e1e-27c7-4c2a-88d0-649a25f4fd6f,encyclical.app,available,10.98,22.98,high,low,10,namecheap,,,17/08/2026 00:42
ab679d21-b445-44aa-aead-0904d76f6957,phantasmagoria.app,available,,,high,high,14,,,,
b592d026-7919-4fec-91b7-251bf0a80f12,symbolizing.app,available,,,high,high,11,,,,
98078fc5-63c3-41a3-ae06-f9f476065dc7,recurved.app,available,6.98,22.98,high,medium,8,namecheap,,,09/09/2026 12:06
9682b6fa-21c9-44bf-8979-189a4dda314c,ours.app,resell,,,high,low,4,,,,28/09/2026 04:28
abdac46c-68f5-401b-9514-c24f064f4f8b,thunder.app,resell,,,high,low,7,"Spaceship, Inc.",14/08/2019 00:45,14/08/2027 00:45,27/09/2026 15:41
d49e99fe-86e8-48af-8750-9016b0586f85,diaz.app,resell,,,high,low,4,"Global Domains International, Inc. DBA DomainCostClub.com",01/02/2022 16:52,01/02/2027 16:52,26/09/2026 05:33
06a9786a-0f75-4ab8-a8ba-7ba4fd820f00,economize.app,resell,,,high,high,9,"Sav.com, LLC - 20",25/07/2025 06:03,25/07/2027 06:03,26/09/2026 05:45
00e4db23-41a2-48bd-8629-41593a1a45d0,weeknight.app,available,,,high,high,9,,,,
4b447298-2ee7-463f-9952-e43c3c686ddd,concurrently.app,resell,,,high,low,12,,,,04/10/2026 07:10
245094c2-a1e8-459b-a7e4-2916d957b6ee,increasing.app,premium,118.8,118.8,high,low,10,namesilo,,,25/09/2026 08:12
a4ed8c6c-494c-4c59-bca2-8ec525955467,eassessment.app,available,,,high,low,12,,,,
7a44c00f-52fa-4143-bfea-4830ac98eb7d,calligraphic.app,available,,,high,low,12,,,,
025d4928-5bc8-4472-aebc-43f35a59995d,spinel.app,available,,,high,high,6,,,,
8e68ef0e-3631-4ed0-b1ab-9113aad41b9d,forsaking.app,available,10.99,16.99,medium,low,9,namesilo,,,16/09/2026 13:59
5faa40ff-8e0f-4a30-a09b-2ff2f93d1b27,wrapping.app,premium,102.67,102.67,high,low,8,spaceship,,,28/09/2026 20:35
11773a03-01f3-4a16-9488-c00dacce53f2,lithuanian.app,available,10.98,22.98,high,low,10,namecheap,,,24/08/2026 07:30
62500e27-1944-4068-9206-809d6a827fa6,congressmen.app,available,8.48,14.69,medium,low,11,spaceship,,,02/10/2026 22:31
9adb05a2-1fe9-4c9e-a435-0e0708657bc1,jailhouse.app,resell,,,medium,low,9,Dynadot LLC.,02/08/2025 05:13,02/08/2027 05:13,26/09/2026 06:58
33a2ddaf-d655-4452-ac3e-97c3d032d2ab,pas.app,premium,827.17,827.17,high,low,3,spaceship,,,29/09/2026 01:49
e7619834-4a12-49f9-b7f3-6566cfe50d4b,praxinoscope.app,available,,,high,high,12,,,,
973670d1-a973-49e9-b821-05b7c03286ac,warfighting.app,available,9.99,26.99,high,high,11,name.com,,,
9842243c-3680-4a87-900c-237843fe62c3,adjectives.app,available,10.99,16.99,medium,low,10,namesilo,,,18/09/2026 16:11
665d5b5b-5142-4f2b-91cb-1573a90b184a,unassured.app,available,6.98,22.98,medium,low,9,namecheap,,,12/09/2026 01:14
f0206670-b5e3-4946-bf01-3d697520958a,gameboard.app,resell,,,high,high,9,Porkbun LLC,06/05/2023 17:14,06/05/2027 17:14,26/09/2026 06:18
529ac6a9-9387-4b3e-a70b-4212c43711bd,halve.app,available,,,high,high,5,,,,
b4c72ac4-48a6-40c6-b66b-49952d07c73e,koch.app,resell,,,high,low,4,Dynadot LLC.,21/07/2024 10:30,21/07/2027 10:30,26/09/2026 07:06
97b6887f-7dc8-4756-a749-8d6af7594f7e,hyalin.app,available,10.98,22.98,medium,low,6,namecheap,,,21/08/2026 16:10
03ee9fef-0d2b-478c-9e76-bb1bd1906270,stains.app,premium,49.2,,high,low,6,unstoppable,,,29/09/2026 22:47
82f2f8e0-efb7-4862-872c-5af9ec369cd4,infective.app,available,10.98,22.98,high,low,9,namecheap,,,22/08/2026 04:14
d45bea06-5481-4be9-a5a2-326face5c635,identifiable.app,available,19.5,,high,low,12,unstoppable,,,01/10/2026 22:54
9752a94b-3ed0-4e29-9d0d-e0629ee961a4,capitalization.app,available,,,high,high,14,,,,
cb36892f-6f62-4f47-b955-e9584e0a2590,coulombic.app,available,,,high,high,9,,,,
7af36342-8c62-4a4c-bb6b-1b8a9ac2bd84,snugged.app,available,,,medium,low,7,,,,
ac6ac917-f75b-49b2-a750-6ce239df2469,potentate.app,available,,,high,high,9,,,,
58825d3c-dd63-418e-8359-1b81417afdd4,endodontic.app,available,10.98,22.98,medium,low,10,namecheap,,,17/08/2026 01:06
7506da82-105b-44d6-926f-8b355432f729,thyselves.app,available,,,high,high,9,,,,
645cc525-f25f-4480-b9a2-efd1c228bf73,biter.app,resell,,,medium,low,5,"Sav.com, LLC",07/07/2026 18:08,07/07/2027 18:08,26/09/2026 04:27
c7dbec76-b96a-481c-bc47-f5d479fd9575,rosenfeld.app,available,19.5,,high,low,9,unstoppable,,,30/09/2026 13:37
db0455ef-c76e-4d47-9906-fb2fc2a7c564,saffir.app,available,,,high,high,6,,,,
4335241b-67b3-4b51-9e01-5bd5cbd977ef,mollusk.app,available,,,high,high,7,,,,
78048069-5a67-46a7-a1e8-e1cdac95b015,wettable.app,available,,,high,high,8,,,,
54d1eb38-0cd5-469b-b3c2-f5d943657f97,stakeholding.app,available,,,medium,low,12,,,,
e93aeced-acfb-4184-8322-c71b6f2fc823,herd.app,resell,,,high,low,4,"Global Domains International, Inc. DBA DomainCostClub.com",23/07/2019 08:52,23/07/2027 08:52,26/09/2026 06:38
3d3291a1-3e64-4f14-81ab-78155dc974d4,intrepidly.app,available,6.98,22.98,high,low,10,namecheap,,,14/09/2026 10:53
3df88691-1b32-4774-90e9-fc5283a230f8,unfading.app,available,,,high,low,8,,,,
48d09b72-d994-4a0d-a02e-60bf122608d1,lamisil.app,available,,,high,high,7,,,,
f89bc80a-6d6f-4945-94b2-f25e7962e185,duggie.app,available,,,high,high,6,,,,
23d6d4c0-c875-4d54-84c0-4e80cadc436d,compliantly.app,available,,,high,high,11,,,,
e84ad1a2-db46-4218-ba9d-d3aaa0b57b9d,fatal.app,resell,,,high,low,5,"Sav.com, LLC",27/07/2022 04:31,27/07/2027 04:31,26/09/2026 06:02
4a8958b6-b5c1-4004-98e3-2a6d644bc648,freehandedly.app,available,,,high,high,12,,,,
b2e5cb8a-b418-4b85-b912-eb5893222a85,precambrian.app,available,19.5,,medium,low,11,unstoppable,,,29/09/2026 04:02
cbe867cb-f9fa-48f6-817a-34973caf213e,reliableness.app,available,10.98,22.98,high,high,12,namecheap,,,27/09/2026 05:46
8e30502d-ed47-4ae1-b9af-d36bc88f91ae,vaccinated.app,available,10.98,22.98,high,low,10,namecheap,,,21/08/2026 21:34
47145de8-895e-4e73-91d2-d86f9eba4ff1,toeprints.app,available,,,low,low,9,,,,
39ff1e0b-de97-43ad-9d92-ab552b39bdc6,refracting.app,available,,,high,high,10,,,,
ace5b532-8ab0-4dcd-90ce-27e71b940e4f,legato.app,resell,,,high,low,6,Namecamp Limited,27/07/2019 06:23,27/07/2027 06:23,26/09/2026 07:11
5daa3a61-9e90-4b43-b3ae-eb4af1faca36,caustic.app,available,,,high,low,7,,,,
9cdd0ce5-1bb9-4346-aa3d-f678c5a1d89a,internationalisation.app,available,,,high,low,20,,,,
a58e1e9c-b9f4-4286-b92b-2c9a6f11d2bf,runnels.app,available,,,high,high,7,,,,
8387c99c-b54e-4729-9f2c-36013241ceef,equators.app,available,,,medium,low,8,,,,
7bbb15cd-987f-4f7b-a9d7-34aaaa4042aa,servile.app,available,6.98,22.98,medium,low,7,namecheap,,,10/09/2026 04:55
bf5644d1-75b1-47d9-89d7-27d3625af34f,cosmonaut.app,resell,,,high,low,9,"Name.com, Inc.",19/07/2019 20:37,19/07/2027 20:37,26/09/2026 05:16
9494d4df-be03-47a0-87ad-21dc88e83831,packageable.app,available,,,high,high,11,,,,
dee3042e-623a-4666-a1f2-5707a73332c9,eatery.app,resell,,,high,low,6,Dynadot LLC.,25/07/2024 23:02,25/07/2027 23:02,01/10/2026 02:34
ec61f6bb-672a-4301-9e5e-a6aec00edc5b,neoliberalism.app,available,,,high,low,13,,,,
df058af0-3bab-4dad-99ef-e0accc255dce,roumanian.app,available,6.98,22.98,high,medium,9,namecheap,,,09/09/2026 18:29
17e6ede1-41ea-4fbb-8796-876367716c40,mistreat.app,available,10.98,22.98,medium,low,8,namecheap,,,16/09/2026 19:06
ffbb1b0f-c1be-4fb2-b399-f36bcaf290d7,clairvoyants.app,available,,,medium,low,12,,,,
18f957b1-b582-4977-a0c2-a9718a64a9a8,profile.app,resell,,,high,low,7,GrepApps Technology Inc.,13/12/2025 08:09,13/12/2026 08:09,30/09/2026 07:33
8029e0f1-ca1f-4f30-9b71-a57112372ed7,dextrality.app,available,,,high,high,10,,,,
f48059f0-c1c8-4fa0-a401-c65e6b094ab2,irrepressibly.app,available,,,high,high,13,,,,
a15c4493-ff6e-48f1-a665-6884d9618376,coffeehousing.app,available,10.98,22.98,high,low,13,namecheap,,,20/09/2026 21:09
21d9b2c2-c695-471f-9c37-c9b9b6a19434,techno.app,resell,,,high,low,6,Realtime Register B.V.,12/07/2021 10:11,12/07/2027 10:11,30/09/2026 12:53
1c4fffaa-5489-4abd-9d4a-60a233dea810,topscorer.app,available,,,high,medium,9,,,,
5fea2679-0291-48d6-8a34-6f13ab134fa3,appreciating.app,available,,,high,high,12,,,,
a40b8fdc-97d0-4171-a18b-8cb29dd153f8,bedcover.app,available,10.98,22.98,high,low,8,namecheap,,,22/09/2026 22:53
912b745d-1549-4b60-94d7-df3bc18d3abb,icemen.app,available,,,medium,low,6,,,,
c12beb6a-ca63-455e-a83e-42fd8e5dcfb4,doyle.app,resell,,,high,low,5,Hosting Concepts B.V. d/b/a Registrar.eu,14/07/2024 16:03,14/07/2027 16:03,26/09/2026 05:40
528ecf1e-4640-4af9-9349-1a8ff65fa4b5,serviceable.app,available,10.99,16.99,high,low,11,namesilo,,,04/10/2026 14:05
5aa697ab-88cb-4944-b9c8-0d5964b1739d,atherstone.app,available,,,high,high,10,,,,
84bd27af-dbf3-45d7-adad-eee1ca42d94f,aurobindo.app,available,,,high,high,9,,,,
d95e5963-ce21-4eb0-8f88-b1dd788ddf25,compulsive.app,available,10.98,22.98,high,low,10,namecheap,,,12/08/2026 19:40
9e5a8e4b-4911-496c-88e7-bdf2852f28b4,unstudied.app,available,6.98,22.98,high,low,9,namecheap,,,12/09/2026 06:07
97795236-46a1-4bf8-9a15-2edd67cb6610,alarming.app,available,,,high,low,8,,,,
bb8128c7-8c00-42e4-ae61-89cf3d6b7e2b,hoodie.app,available,,,high,high,6,,,,
530ea84c-7489-42e2-9fdb-940337ab8655,jocular.app,available,10.98,22.98,high,low,7,namecheap,,,22/08/2026 12:57
8931c69a-b7a5-48be-bed6-e05145c6192a,leviticus.app,available,,,high,high,9,,,,
c430f4f4-7c51-4182-95c3-421f5e1aea02,unmoved.app,available,10.98,22.98,high,low,7,namecheap,,,21/08/2026 23:45
60da90d0-b804-44d5-90a8-a0e5ca62ba4d,hassles.app,available,,,medium,low,7,,,,
d971735b-5187-4a97-82af-190fc71269a0,fraught.app,available,10.98,22.98,medium,low,7,namecheap,,,18/08/2026 14:23
0b59334c-1587-48ed-bf15-e1801cc71361,staplefield.app,available,,,high,high,11,,,,
0da594b4-7790-4544-bb77-6278de666258,provaccine.app,available,,,high,low,11,,,,
3d4df0ca-96b5-46ea-bc21-9bc9ca2cde03,getts.app,available,,,medium,low,5,,,,
302ac05e-8118-459c-865a-d6695070e28b,nama.app,resell,,,high,low,4,,,,03/10/2026 14:32
fe54b487-e12f-4a67-959c-ab49ff82f334,coventry.app,resell,,,high,low,8,Nom-IQ Limited dba Com Laude,11/05/2018 16:01,11/05/2027 16:01,26/09/2026 05:17
d3a2d03a-ce5f-4dab-be88-59b146f6035c,shallows.app,available,,,high,high,8,,,,
47e479f3-850c-4fd5-bbfb-2f80d4a23d57,watersides.app,available,,,medium,low,10,,,,
a8c4431a-d54b-47bf-bbd4-74afa98e5a60,swervingly.app,available,,,high,high,10,,,,
d7f297b4-52bd-4a2a-bf33-64bf68fc860b,suffering.app,premium,57.82,57.82,high,low,9,namesilo,,,25/08/2026 01:27
fe1ad95b-1d70-4fd4-a9c1-ea3edbe876a7,beleaguer.app,available,10.98,22.98,medium,low,9,namecheap,,,21/09/2026 17:03
c34be591-3a94-425c-9949-7fdef73755a4,ibf.app,resell,,,high,low,3,,,,02/10/2026 00:20
aa4c4c3b-6893-41d8-847f-476deca7f661,misspelling.app,available,,,high,medium,11,,,,
24b3c3c5-25a9-4c33-95cf-56f865f85438,finessing.app,available,,,high,high,9,,,,
cfb87266-53cb-45a8-8911-ba87a123bad0,snotty.app,available,10.98,22.98,high,low,6,namecheap,,,09/08/2026 20:42
72c3d9cc-fc0f-4fe4-a46c-b9f7d2c50e7e,coquelles.app,available,,,high,high,9,,,,
4f2c5a95-3bcc-4b64-9992-ed461bef3879,smutty.app,available,10.98,22.98,high,low,6,namecheap,,,13/08/2026 08:53
ad76fdef-6074-4f3b-962d-2ee1b855dc8d,bargeman.app,available,10.99,16.99,high,low,8,namesilo,,,22/09/2026 05:46
ffbf3bc4-254e-4950-b51a-7b8ce529bfa3,sublicenses.app,available,,,medium,low,11,,,,
c1ca244c-c3df-4bfb-9b4c-824fc219bfce,smokable.app,available,,,high,high,8,,,,
2ef94bdd-ac43-4510-b1cc-80ae4c3dc820,cuff.app,resell,,,medium,low,4,,,,29/09/2026 00:32
71a3ea43-810c-4ace-81a4-83e7c41e5617,participated.app,available,10.99,16.99,medium,low,12,namesilo,,,29/09/2026 23:55
a74ce981-1201-4b5c-b9d2-0d5077503ba4,southampton.app,resell,,,high,low,11,Nom-IQ Limited dba Com Laude,11/05/2018 16:01,11/05/2027 16:01,26/09/2026 09:10
5972603f-50ed-47e3-96c2-04fc2d10d61a,mado.app,resell,,,high,medium,4,Porkbun LLC,28/05/2024 14:22,28/05/2027 14:22,26/09/2026 07:22
d8d01974-a9c8-49ed-bf0c-c416e30ec635,syringe.app,premium,63.7,63.7,high,low,7,namecheap,,,30/09/2026 11:09
5e8418c4-9aec-4560-9fa0-5cbd756e580f,lawsuitable.app,available,,,high,high,11,,,,
4812ea31-6bdd-4d05-9194-c2bce6893287,glockenspiel.app,available,,,high,high,12,,,,
066d0c16-d84f-4d54-b0bc-d28979909c84,briefest.app,available,,,medium,low,8,,,,
503bb629-ffd8-43bd-8a8f-f068b272a03b,counterattitudinal.app,available,,,medium,low,18,,,,
2aac5e83-843d-4192-aa61-be93ddcc68e7,tabloids.app,available,,,medium,low,8,,,,
089b9d79-f0da-46cd-9dee-c1561b553412,selfbuild.app,available,,,high,high,10,,,,
fe4b6d8b-fc1d-477d-bccc-abda3fade072,ottowan.app,available,,,high,high,7,,,,
11aef342-cd77-4344-9716-98b6bfb5f17d,groundwave.app,available,,,high,high,11,,,,
50743779-dfcd-4091-a2d1-e30671b16600,marinated.app,available,,,medium,low,9,,,,
760f1097-d314-4d70-a0d9-afb9468948e8,equivalence.app,available,8.48,14.69,medium,low,11,spaceship,,,28/09/2026 21:10
acb3baaa-2f59-4741-9866-342ff699e2a3,freaks.app,resell,,,medium,low,6,,,,30/09/2026 00:34
62b68e5f-cbce-447d-ae2e-29e53fa330f6,allistaire.app,available,,,high,high,10,,,,
498ac32e-a139-4a7c-9011-e87af80fa1bf,tank.app,resell,,,high,low,4,Dynadot LLC.,03/03/2023 09:53,03/03/2027 09:53,26/09/2026 09:30
3fc0ca46-536b-41fe-9403-54e8233d9350,fayetteville.app,resell,,,high,low,12,,,,28/09/2026 04:16
bcd40fb4-1753-474c-96b6-980174e7258f,amerindians.app,available,,,medium,low,11,,,,
f6a7072d-e792-432a-b061-bd4418a35f3a,chimes.app,resell,,,high,low,6,,,,02/10/2026 13:40
86244731-0577-450d-a2ef-95c223b394d9,tying.app,available,14.2,14.2,high,low,5,cloudflare,,,29/09/2026 08:16
beec8079-0a67-4502-894e-05528e92e08d,biotrophic.app,available,,,high,high,10,,,,
b0bab4ad-b5fe-4306-9325-75b9fdc7b6a0,princesshood.app,available,,,high,high,12,,,,
ecb0fc2d-172f-4ea4-8364-7fe142065e5d,mehmed.app,available,19.5,,medium,low,6,unstoppable,,,30/09/2026 21:00
a7490758-7ae3-4686-bd19-7dad2913066f,repainting.app,available,,,high,high,10,,,,
ee66a4f5-0e89-4efd-997a-0c0d37aad180,infantry.app,premium,57.82,57.82,high,low,8,namesilo,,,29/09/2026 13:08
14ce719e-5168-44db-bc5a-a34f287bb7d4,jenkinson.app,available,8.2,14.2,medium,low,9,cloudflare,,,04/10/2026 17:12
f18961d4-4618-4eb3-9c75-4ba2d95d3cde,believes.app,available,10.99,16.99,high,low,8,namesilo,,,19/09/2026 19:41
ad9d5009-853a-46b6-95da-22be99c379c4,allotropic.app,available,10.98,22.98,medium,low,10,namecheap,,,
f5ead31d-497f-4a77-926f-e22baf8c3c62,backhand.app,available,10.98,22.98,high,low,8,namecheap,,,08/08/2026 05:43
ce71eb86-8527-4e01-bbab-d4fd95f6d2a2,hargrove.app,available,10.99,16.99,high,low,8,namesilo,,,03/10/2026 06:09
706c2641-d77b-42ca-a79f-fb40fb80139f,veejays.app,available,,,medium,low,7,,,,
11554cbc-5fd1-4a8b-aa67-44939c013644,interrelated.app,available,,,high,high,12,,,,
0c056061-b084-41c4-bc07-b2d08ed69441,moggie.app,available,,,high,high,6,,,,
a5bb0b05-a248-4bd6-9851-1fda97e68820,cinematic.app,resell,,,high,low,9,"Global Domains International, Inc. DBA DomainCostClub.com",23/07/2025 09:20,23/07/2027 09:20,26/09/2026 04:56
028d8520-f0de-436b-898a-4c2dd44cc945,upmarket.app,resell,,,high,low,8,Porkbun LLC,18/06/2023 19:11,18/06/2027 19:11,26/09/2026 09:53
1cef07b1-2148-4713-ae57-6d2b26689527,chiefest.app,available,,,medium,low,8,,,,
af41e1bb-b69e-4360-930b-ebd10fe9774b,montcalm.app,available,8.48,14.69,high,low,8,spaceship,,,03/10/2026 14:10
e2a71b8a-3170-44a4-b39d-66f36c8d6cd5,meant.app,resell,,,medium,low,5,Dynadot LLC.,24/07/2021 08:21,24/07/2027 08:21,26/09/2026 07:29
f1cbac11-c0ff-4ba5-a82e-f8444e6422d4,houseowner.app,available,,,high,high,10,,,,
92db7924-c0c5-46f2-b2b2-c00faf32ee82,middlebury.app,available,8.48,14.69,high,low,10,spaceship,,,29/09/2026 15:53
d118abbd-68fb-45b4-aff7-80f9e282e1d9,sterilizes.app,available,,,medium,low,10,,,,
0cdf5e29-de13-466d-9159-439d00093442,astasia.app,available,10.99,16.99,medium,low,7,namesilo,,,20/09/2026 16:54
35c3f986-0bcf-43b4-b111-fed9d5e80b20,radiopaque.app,available,6.98,22.98,high,low,10,namecheap,,,09/09/2026 09:41
ff0ffcda-9c11-4b0d-a116-6ad2b3e7ae7f,farfetched.app,available,10.98,22.98,medium,low,10,namecheap,,,17/08/2026 22:32
3d8e7bbb-0df5-4429-9dcb-308d5b8f56da,belching.app,available,10.98,22.98,high,low,8,namecheap,,,23/09/2026 04:36
34b722ef-c3be-48eb-b413-7656fb731837,puritanism.app,available,,,high,high,10,,,,
8bf688f2-3892-4998-9245-0931be5b47bb,kyrgyz.app,resell,,,high,low,6,,,,30/09/2026 12:53
bb3eabe6-6093-441c-984b-e52ccfe9b15f,orangey.app,available,,,high,high,7,,,,
fe01f492-54cb-4480-af0b-3e03b7bc000d,deducible.app,available,10.98,22.98,medium,low,9,namecheap,,,13/08/2026 22:25
8a1440c9-5136-4326-b475-5bd255ab1812,hillsmith.app,available,,,high,high,9,,,,
7e18721d-5ef2-46eb-bc14-c066b842ba15,yerkes.app,available,10.99,16.99,medium,low,6,namesilo,,,03/10/2026 01:55
698e860d-6238-44aa-867b-53bc9b39165d,interprets.app,available,,,high,low,10,,,,
fae9b050-c29f-42af-a419-fbb8904b0c24,hairpins.app,available,,,medium,low,8,,,,
faed5f08-8e45-47e7-98b0-93ea756d71f4,caraway.app,resell,,,high,high,7,"Global Domains International, Inc. DBA DomainCostClub.com",19/12/2021 20:09,19/12/2026 20:09,26/09/2026 04:46
92cc4a8b-f409-4f01-9e4e-5f5783007e8f,rosellas.app,available,,,medium,low,8,,,,
121d0d88-88f1-4862-91c5-70f9b4876d4e,regularly.app,premium,118.8,118.8,high,low,9,namesilo,,,15/09/2026 17:25
5eb3b5b1-9b33-480e-a48a-f7cc9092451a,quarterfinals.app,available,,,medium,low,13,,,,
777a0ae8-4af1-4058-a36b-c5e396624bf0,boxer.app,resell,123.75,,high,low,5,"GoDaddy.com, LLC",04/04/2026 18:50,04/04/2027 18:50,04/10/2026 00:39
218e8fda-7cb9-4bf3-964a-8829db46e023,keytop.app,available,,,high,high,6,,,,
32c29666-c0d0-4910-be29-4b44b3dc0651,uncounted.app,available,,,high,low,9,,,,
7b3c9948-c4b1-454d-b84b-6293a9abdba5,crochets.app,available,,,medium,low,8,,,,
8d584e6d-6942-422d-9e1e-540b2dbd3627,havana.app,resell,,,high,low,6,"Global Domains International, Inc. DBA DomainCostClub.com",15/07/2020 14:01,15/07/2027 14:01,28/09/2026 13:38
e20833d1-c104-402d-b547-4b5c31914f4e,affront.app,available,10.99,16.99,high,low,7,namesilo,,,17/09/2026 14:54
b36c0cb6-e0ca-4ac6-a963-0c919afa7e36,gyration.app,available,,,high,high,8,,,,
1567fcd7-74ab-4e7f-aef3-2f221a8ea27f,gunners.app,available,8.2,14.2,medium,low,7,cloudflare,,,04/10/2026 01:51
71ad4202-f793-450d-88a2-29471680c244,overarch.app,available,,,high,high,8,,,,
d63b0a90-5052-4f96-be5f-1bf481ac6022,kildare.app,available,14.2,14.2,high,low,7,cloudflare,,,29/09/2026 09:36
f651dadb-f843-4c85-a6d1-60e53c9e71e7,pantomime.app,available,,,high,high,9,,,,
f11a0071-08c9-4663-9dd3-4ec277133290,goody.app,resell,,,high,low,5,"Global Domains International, Inc. DBA DomainCostClub.com",23/07/2019 00:38,23/07/2027 00:38,26/09/2026 06:26
ae0b3c0c-c808-447d-a3f6-4bed14b3de08,twosome.app,available,,,high,high,7,,,,
167c0233-0ee0-47d7-8ca9-9ca85ac15585,subarytenoid.app,available,,,medium,low,12,,,,
ac6e8966-f719-4d54-b2ab-0411c6a183f0,alimony.app,resell,,,medium,low,7,,,,28/09/2026 20:27
35eabb56-67ea-4bdb-9fa6-5f455dfc1a7f,consonate.app,available,,,high,high,9,,,,
79c841a3-b8cb-4562-8cb8-a5484596bbcf,accrediting.app,available,,,high,high,11,,,,
b3583cb8-ab84-46ee-905a-f0cc8e07a8ed,outerwear.app,available,,,high,high,9,,,,
27174aaa-711c-43f2-8089-f45544324ce3,biathlons.app,available,,,medium,low,9,,,,
0fa7348f-b1df-42e1-bdd1-f14ecf55b42d,encased.app,available,10.98,22.98,high,low,7,namecheap,,,11/08/2026 20:06
4359c420-1117-456d-918f-20ad8430ea91,ramose.app,available,10.98,22.98,medium,low,6,namecheap,,,11/08/2026 02:14
1246b9ed-ae3c-4f7b-9b46-98be54f66c34,obamanomics.app,available,,,high,high,11,,,,
11d19fcd-20d2-4167-8a7e-90e429a78c32,millennia.app,resell,,,medium,low,9,,,,04/10/2026 20:12
cb335c79-57b6-41d4-a6bc-6cf16414e8b6,ovarian.app,available,6.98,22.98,medium,low,7,namecheap,,,04/09/2026 19:55
f697451a-3c60-477c-a5fd-f039d9b190be,coones.app,available,,,high,high,6,,,,
4a1cd62f-9ef1-42d6-8085-0ec5300aec45,bladed.app,available,10.98,22.98,high,low,6,namecheap,,,10/08/2026 12:14
ad0c941b-0ba3-4205-b71f-50505e412e06,pates.app,available,,,medium,low,5,,,,
5a9fc4b1-34c7-4034-9865-089a023ecad1,broiler.app,available,,,high,high,7,,,,
44f9f34a-551e-42a3-bf0f-b81c3ff4650f,pillowcase.app,available,10.99,16.99,high,low,10,namesilo,,,03/10/2026 07:30
8e042297-f007-4abc-b70c-33fb7e624fed,doling.app,available,,,high,high,6,,,,
d5e8408b-2aec-4890-8279-0010af400266,arie.app,resell,,,high,low,4,,,,04/10/2026 01:07
d4ab7e50-8678-41fc-8aaa-0349bb15923f,highbush.app,available,,,high,low,8,,,,
5740935e-b88d-472d-b7c5-3cf8afcf13c1,noseride.app,available,,,high,high,8,,,,
6fe9d8ce-3d67-4667-8917-d8de00ea73cc,biface.app,available,10.98,22.98,high,low,6,namecheap,,,09/08/2026 19:55
0ac927f1-a8b3-41cd-8b50-ae96eb7583f1,trifecta.app,resell,,,high,high,8,"NameSilo, LLC",25/01/2022 17:02,25/01/2027 17:02,26/09/2026 09:46
834572fd-8762-4b41-8bcc-ed755a303cee,yesteryears.app,available,,,medium,low,11,,,,
962aea23-6de8-47f8-a66f-09a1e7b5e579,bouncy.app,resell,,,high,low,6,Porkbun LLC,24/07/2021 08:21,24/07/2027 08:21,26/09/2026 04:34
f074622b-f564-402a-85a2-8c0f541c0c43,lucknow.app,premium,57.82,57.82,medium,low,7,namesilo,,,28/09/2026 19:45
6798da99-5995-4b85-8a64-7ce772e29780,artspeak.app,available,,,high,high,9,,,,
2b588fef-be4b-42e1-a4f9-d465b0ddbfac,septillion.app,available,,,high,high,10,,,,
2173d306-f729-4ed8-96c8-4af28b119361,herbaceousness.app,available,,,medium,low,14,,,,
cd6b05b1-2b92-400a-8820-bd208db1647b,transfixed.app,available,10.98,22.98,high,low,10,namecheap,,,17/08/2026 22:56
65252742-f328-4ca9-a376-d29e8802f8fa,handed.app,available,,,high,low,6,,,,
ce852c19-7e0b-43ae-ab0d-a4bd0359e88f,pressboard.app,available,,,high,high,10,,,,
2d8cb8d9-c024-402d-a878-f757b4a83f85,sedgeland.app,available,,,high,high,9,,,,
6f75cc21-40e6-4e18-a672-6e7a8107fdb2,superenergized.app,available,,,high,high,14,,,,
1e09682a-2ffe-4d36-a93b-ffb419b10b3d,accomplishable.app,available,,,high,high,14,,,,
480235cf-3249-425f-bd04-fe7d406a4f9b,hysterical.app,available,10.98,22.98,high,low,10,namecheap,,,21/08/2026 17:22
8854aaf0-da62-4034-8212-cba59ce52560,hairier.app,available,,,medium,low,7,,,,
478f74d9-fb42-4458-af40-40e81a469465,elnath.app,available,,,high,high,6,,,,
be64ee1a-02a9-4514-aa51-e05ad7fb437b,condiments.app,available,9.99,26.99,high,low,10,name.com,,,
92d229e2-6e05-4664-8b5d-660f5f273c54,deduction.app,resell,,,high,low,9,Dynadot LLC.,16/07/2021 20:29,16/07/2027 20:29,30/09/2026 09:21
0befa267-7be7-4dc0-9bd2-cff9a4113492,cardcase.app,available,,,high,high,8,,,,
7faa78bc-9647-4d01-807e-2d731525ccdc,unimagined.app,available,6.98,22.98,medium,low,10,namecheap,,,12/09/2026 08:26
8b6556d2-8beb-4424-89bf-39cbb93b9524,rested.app,resell,,,high,low,6,Namecamp Limited,01/08/2019 20:57,01/08/2027 20:57,27/09/2026 12:50
29348e39-0f8d-4378-99ed-7754e18d1c5a,kilogram.app,resell,,,high,low,8,"GoDaddy.com, LLC",08/05/2018 17:05,08/05/2027 17:05,30/09/2026 01:44
4fea28a3-6cac-4132-9ee7-337e13aaff32,clairvoyancy.app,available,,,high,high,12,,,,
2a5c76f6-04d2-4799-91a5-35d96ac770b7,warning.app,premium,254.72,254.72,high,low,7,namesilo,,,13/09/2026 08:25
f1f27003-ec17-4180-8c68-e15eb6415331,nightgown.app,available,,,high,high,9,,,,
abdd877b-16f5-4e37-8681-84152ec4bafa,fatally.app,available,6.98,22.98,medium,low,7,namecheap,,,14/09/2026 17:51
92c807a2-c60f-4ed6-80ac-07cec221ad56,materially.app,available,,,medium,low,10,,,,
737c8b27-cbe4-4e10-b4d5-c7556f4f08df,oleg.app,resell,,,high,low,4,,,,29/09/2026 17:51
7e7f2f01-1b50-45cd-8fa3-f1172a7bd07b,sixpences.app,available,,,medium,low,9,,,,
ea49b49d-f278-4372-a6bc-d44c7abf7770,decisively.app,available,,,high,low,10,,,,
74198407-1927-4abf-af3a-9dfa4b172ff4,franeker.app,available,,,high,high,8,,,,
6dfc3996-12c6-42f6-87de-fa1c40e10444,masticated.app,available,,,medium,low,10,,,,
b102dbd6-85a2-4c76-9f8b-fce19a8e4f21,ataraxic.app,available,10.98,22.98,medium,low,8,namecheap,,,07/08/2026 12:49
c62d60dc-b217-4667-87e6-573fb2b1e92d,superlattices.app,available,,,medium,low,13,,,,
a194acbe-cdaf-4f44-a9cc-020b887f53ee,coldest.app,available,8.2,14.2,medium,low,7,cloudflare,,,02/10/2026 21:44
79c3c1f8-4c05-4e55-8a8c-7a7577161011,reinstalled.app,available,,,medium,low,11,,,,
d3071320-6474-4581-8f44-8a1bc5208e8f,carbine.app,available,,,high,high,7,,,,
3ec07fa9-84ea-4944-8ec8-3e0868f589a1,moorhead.app,available,8.48,14.69,medium,low,8,spaceship,,,30/09/2026 05:19
265567be-fdd4-4c24-9a0f-28f3fca288ac,tennessean.app,available,,,high,high,10,,,,
55efaf05-c172-49b1-a6b0-49b639db1c94,bluegills.app,available,,,medium,low,9,,,,
ed3d061b-7a02-494e-8a55-ede94ac4de46,esthesis.app,available,10.99,16.99,medium,low,8,namesilo,,,17/09/2026 13:28
f805256f-927f-4843-9c98-7408eed66819,tiemaking.app,available,,,high,low,9,,,,
9d7d7082-adc2-4682-9679-2766d6e15d48,grenoble.app,resell,,,medium,low,8,,,,28/09/2026 19:22
bda7ef37-5573-4c40-95bb-f396b4519eb0,preoccupied.app,available,10.99,16.99,high,low,11,namesilo,,,29/09/2026 08:47
2f960aa3-5e1c-4c8d-b667-e89eda9af13d,sixtyfourth.app,available,,,high,high,12,,,,
0026e48f-2ab6-4eb1-b90d-63bb469055a0,fella.app,resell,,,high,low,5,"GoDaddy.com, LLC",28/05/2018 19:26,28/05/2027 19:26,03/10/2026 09:45
c9cffadf-4806-496a-a042-91a92e25ae72,ceder.app,available,,,high,high,5,,,,
585cc00e-4f68-4f1d-87f7-cd424ca8c76a,cheerio.app,resell,,,high,low,7,"Sav.com, LLC - 5",12/07/2023 21:18,12/07/2027 21:18,26/09/2026 04:53
6e3c2ce6-9453-4268-9eb0-f49aeaeac789,lancet.app,resell,,,high,high,6,"Spaceship, Inc.",08/07/2024 20:09,08/07/2027 20:09,26/09/2026 07:08
f980fbf2-602f-4273-881c-7f46e1bf0903,vegetarianism.app,available,,,high,high,13,,,,
4f245159-afd8-4a7c-a8d3-e17a7dd0e51b,elk.app,resell,,,high,low,3,"Global Domains International, Inc. DBA DomainCostClub.com",23/07/2019 08:52,23/07/2027 08:52,26/09/2026 05:48
16509f11-db01-40e8-9423-c53315b084e8,dichotomic.app,available,,,high,high,10,,,,
871c1be1-2c73-445c-b998-465fe3fe2cde,tearful.app,available,10.98,22.98,high,low,7,namecheap,,,14/08/2026 15:35
f617d496-3cb5-4823-a6b6-990b9911e8fa,clubbish.app,available,10.98,22.98,medium,low,8,namecheap,,,12/08/2026 12:59
feb6a27d-12e4-4a5e-aeba-38d127ac7376,enforce.app,resell,,,high,low,7,,,,29/09/2026 08:23
b676c5ed-0789-4ae0-b527-c565202bb5f3,emboldening.app,available,,,high,high,11,,,,
e0a30c3b-ca73-466f-beb7-8e66614dc526,clue.app,resell,,,high,low,4,"Global Domains International, Inc. DBA DomainCostClub.com",21/07/2022 19:18,21/07/2027 19:18,29/09/2026 10:03
63d78305-fe6a-458f-aa2e-c7e3a2ef3bf8,banshie.app,available,10.99,16.99,medium,low,7,namesilo,,,22/09/2026 03:10
ee806c0c-608e-4c26-8120-6297cd04a56f,kinston.app,available,,,high,high,7,,,,
6e1256ee-05db-4f8d-a0d0-296da620f51e,bremen.app,premium,258.7,258.7,high,low,6,namecheap,,,25/09/2026 21:59
977ecec2-908c-4b8c-b71c-3db8d39e3afe,shriek.app,resell,,,high,low,6,Dynadot LLC.,02/06/2026 13:12,02/06/2027 13:12,26/09/2026 09:00
bfc9c76a-2bdc-45f0-9562-8b83b82a4447,directionally.app,available,,,high,high,13,,,,
f024091f-ccda-47a8-bdbf-360904c474a2,greenhead.app,available,,,high,high,10,,,,
4fa1e730-2360-45ed-a3a1-22441baf78b3,gorra.app,available,,,high,high,5,,,,
bf8bc1c3-2826-4da7-b539-881cca9d7a0f,twinkled.app,available,,,medium,low,8,,,,
60feb9e6-fc2d-4e6e-af7b-aa682205f6f4,pellmell.app,available,10.98,22.98,medium,low,9,namecheap,,,21/08/2026 01:07
406ca2c4-7a16-443e-b966-f0636c63be38,broadcloth.app,available,,,high,high,10,,,,
e2a59feb-e85f-444b-87d8-ac66fd79dc55,soviet.app,premium,118.8,118.8,high,medium,6,namesilo,,,10/09/2026 15:00
99dfe256-5f94-41b8-86de-7e71b8b41164,commoditise.app,available,,,high,high,11,,,,
75c8298d-1e8d-4de4-9c6d-fa1509365cd3,selfcontained.app,available,,,high,high,14,,,,
2fda6449-5f8e-4c53-8e57-d60d501879cd,milkable.app,available,,,high,high,8,,,,
ffb8bd91-eadb-4a5e-ad13-7cb31d522a20,arbitrager.app,available,10.99,16.99,medium,low,10,namesilo,,,20/09/2026 00:30
d0c496d2-5b40-4616-bc48-15a2f0077855,monodispersion.app,available,,,high,high,14,,,,
d194bcae-8ec8-42bc-a864-82322b84a389,jacking.app,available,,,high,high,7,,,,
5f1aa538-668f-4b75-b61d-56afee00fd81,unneeded.app,available,6.98,22.98,medium,low,8,namecheap,,,12/09/2026 15:52
0712f82a-f1ab-4113-9c28-2499924efbaa,misgiving.app,available,10.99,16.99,high,low,9,namesilo,,,24/09/2026 23:11
d4347cad-ec23-4268-86f8-69b6b04b3fc0,cuticle.app,available,,,high,high,7,,,,
6b67f7d2-e43e-4cd8-8b7f-7f732ab090dd,graysen.app,available,,,high,high,7,,,,
e82b0060-ea0b-47cf-bdd1-5165211f198e,ppm.app,resell,,,high,low,3,,,,28/09/2026 08:29
2f1be72a-4a6d-450e-9c5d-e06a0b19ae2b,cooranbong.app,available,,,high,high,10,,,,
16438666-ffde-4442-9469-00ace2dbbb05,gadaba.app,available,,,high,high,6,,,,
1c919a81-d156-4a19-8ec5-662e5ccbefb1,ginkgo.app,resell,,,high,high,6,Namecamp Limited,02/08/2019 15:32,02/08/2027 15:32,26/09/2026 06:23
8aabcea6-8a38-444b-a56c-7de478df3038,ismailov.app,available,,,medium,low,8,,,,
dbfa20ba-9ac8-4b4e-b7ca-f4344553f623,selfcritical.app,available,,,high,high,13,,,,
20e00ff7-335f-411f-be9a-5ec736338484,argali.app,available,10.99,16.99,medium,low,6,namesilo,,,20/09/2026 04:09
38f5e54f-3865-404d-85ca-9caf8c12ff80,wharfs.app,available,,,medium,low,6,,,,
65ab5cb8-2778-4737-9b4e-c7635f2008c7,keynesianize.app,available,,,medium,low,12,,,,
375f62e1-d5aa-4482-a663-17fa71058908,distrait.app,available,10.98,22.98,medium,low,8,namecheap,,,14/08/2026 13:10
004179a5-e926-4d9d-8fe5-2be2b9088d20,audience.app,resell,,,high,low,8,Squarespace Domains II LLC.,08/05/2018 16:02,08/05/2027 16:02,26/09/2026 04:07
a4084e46-e955-44db-ae10-2ec34a204584,handseling.app,available,,,medium,low,10,,,,
ec5a253d-ff0e-49bf-ab05-a795fe577318,demonstrably.app,available,,,high,high,12,,,,
9376ea86-4d63-4450-b3a3-57301b2d895b,adjust.app,resell,,,high,low,6,,,,28/09/2026 11:09
4e9e6421-53a9-4ca7-a5ac-5b0f6e23f351,workout.app,resell,,,high,low,7,Squarespace Domains II LLC.,03/05/2018 16:00,03/05/2027 16:00,02/10/2026 23:14
a647d175-515d-4e81-be34-e0f1a88b9818,plantains.app,available,,,medium,low,9,,,,
a04ef18e-30e5-43aa-afad-8b6b4b13960b,repaying.app,available,,,medium,low,8,,,,
6e7b4b69-f6af-4169-9444-4a47373d9604,propagating.app,available,,,high,high,11,,,,
ff8907ca-7b4f-436e-afa9-38f840088aa2,beckett.app,resell,,,high,low,7,Dynadot LLC.,16/04/2025 08:45,16/04/2027 08:45,26/09/2026 04:19
6b6ae49a-518a-4ca5-a92f-3500f8384de5,aidoneus.app,available,10.98,22.98,medium,low,8,namecheap,,,17/09/2026 20:53
28294b9d-ed26-4f2a-84dc-8fe5f0cab09e,nagano.app,available,8.48,14.69,medium,low,6,spaceship,,,30/09/2026 18:06
41897f0c-6fbe-4bed-a1b9-1de8d8295c73,realigning.app,available,,,high,high,10,,,,
62b8ca68-2a80-4e5f-be33-0823c3c4b80a,taf.app,resell,,,high,low,3,,,,04/10/2026 14:54
ab236e5b-641d-4344-9a44-5f9d6687e2b3,puce.app,available,,,high,high,4,,,,
326c3ae9-4f91-4869-9a53-8d82e57defce,fussbudget.app,available,,,high,high,11,,,,
3a74d9e0-200f-47a3-abff-a0c4188ce7e9,skillet.app,resell,,,high,low,7,,,,03/10/2026 20:06
1c900744-f56a-40d3-8e8e-0893744a6312,logarithms.app,available,,,high,low,10,,,,
8eca16d4-bf41-4548-89e0-86cc7e41666f,custer.app,available,9.49,19.99,medium,low,6,godaddy,,,28/09/2026 01:44
68e6e470-2768-4525-98cb-43e0597fdc8e,finickiness.app,available,,,medium,low,11,,,,
4b6bf4e5-7a88-4f2d-b610-a9223082ac48,ghanaian.app,available,10.98,22.98,high,low,8,namecheap,,,18/08/2026 23:10
d6b20201-0f04-44d5-b69a-ad4e6546126b,hangchow.app,available,,,high,high,8,,,,
b0e60bb8-585f-44b0-9c4f-0f6a38a54805,absorbents.app,available,,,medium,low,10,,,,
b28ee4a1-bf57-4088-9301-ca2fa526b0b5,fordable.app,available,10.98,22.98,high,low,8,namecheap,,,18/08/2026 11:24
57fffb73-53f9-4ed1-a4ac-6d62f54ecb6d,midcalf.app,available,,,high,high,8,,,,
fb718508-35b8-4046-90fb-e931239ed031,unbeatability.app,available,,,high,high,13,,,,
8664e81a-cfd6-4a38-91fc-b41521d9e3c2,auchinleck.app,available,,,high,high,10,,,,
7f3ccb4f-34aa-48ba-b18b-e19357b6e5e9,clans.app,resell,,,medium,low,5,,,,30/09/2026 23:08
ecc0d505-4776-43e4-a9cf-a586764647ea,reoccurrence.app,available,,,high,high,12,,,,
1e6d8fc5-8363-4ba1-a256-cb529ba2bbfb,appears.app,premium,63.7,63.7,medium,low,7,namecheap,,,25/09/2026 20:18
b1188f9a-0d56-4166-883e-160c5fc66040,fastmoving.app,available,,,high,high,10,,,,
70fdfc6c-db86-4ed7-a316-eee935de7cce,predefined.app,available,8.2,14.2,medium,low,10,cloudflare,,,03/10/2026 16:54
4f5cd909-f952-4c17-a3a6-2238dd0b227a,nilpotent.app,available,6.98,22.98,medium,low,9,namecheap,,,03/09/2026 17:28
dd476594-c3d6-4eca-892a-4b44f11c3b14,otis.app,resell,,,high,low,4,GrepApps Technology Inc.,17/01/2024 11:31,17/01/2027 11:31,26/09/2026 07:57
d420801a-ccfb-49e8-b530-f9e6e8a326d3,sass.app,resell,,,high,low,4,"Global Domains International, Inc. DBA DomainCostClub.com",22/07/2021 16:24,22/07/2027 16:24,26/09/2026 08:49
f1777fb4-440e-40c6-a721-58d051671e0c,hydrolyze.app,available,,,high,high,9,,,,
7acf3927-1201-4451-b6f6-ff99168db7cd,unlovely.app,available,6.98,22.98,medium,low,8,namecheap,,,12/09/2026 15:12
0d957505-f2fd-4b55-ad23-60eaf8909f95,communicativeness.app,available,,,medium,low,17,,,,
0dd6f1f0-f683-4799-baba-b475cee08089,swedishness.app,available,,,high,high,11,,,,
4c6acf66-473d-460a-9d61-11cb52d9b223,tunings.app,available,,,medium,low,7,,,,
e3b1aef2-714e-4d80-bdc1-d580fb0d77cf,auicen.app,available,,,high,high,6,,,,
d244242f-19fa-4286-9181-6e7551707ef9,dryers.app,available,10.99,16.99,medium,low,6,namesilo,,,21/09/2026 07:40
7d6ff4df-af1f-45c6-9b1c-7fe68bb5e5a8,remedy.app,resell,,,high,low,6,"GoDaddy.com, LLC",08/05/2018 17:22,08/05/2027 17:22,26/09/2026 08:35
682d3e5f-ebdc-490d-bdb8-8a7ba71afd31,stripped.app,available,6.98,22.98,high,low,8,namecheap,,,10/09/2026 22:48
09039bd2-63ca-4407-8bd2-c8eb9308486a,enhancers.app,available,,,medium,low,9,,,,
4382793f-c8a0-4ac6-979c-1eff76543a60,wikiholic.app,available,,,high,high,9,,,,
438b84f2-e9d9-447e-8b34-d64a1ffb83d8,rasping.app,available,10.98,22.98,high,low,7,namecheap,,,20/08/2026 18:29
2dd736fa-9803-40be-81ff-0d7815a7f4cb,tooth.app,resell,,,high,low,5,West263 International Limited,11/04/2020 10:45,11/04/2027 10:45,26/09/2026 09:40
9f62b6d9-d838-4ae8-ab23-8c11c94daed0,aea.app,resell,,,high,low,3,,,,04/10/2026 16:23
743a4ade-3ca0-4501-8409-78191b50d898,slight.app,premium,50.92,50.92,high,low,6,spaceship,,,27/09/2026 22:32
f4f0f337-6033-4c50-ab42-87752db1dff9,wetheral.app,available,,,high,high,8,,,,
f9cf353f-4866-43cc-9b0d-8c677d61dbe5,amiability.app,available,10.99,16.99,high,low,10,namesilo,,,17/09/2026 13:57
206394d4-ffbd-4274-92e5-e04f8060e263,jambon.app,available,,,high,high,6,,,,
4956a35e-cf9a-4bb0-b9b3-97a6309f4d3c,novaliches.app,available,,,high,high,10,,,,
baa64db8-7341-42d3-9ae7-72c93650f654,unharmed.app,available,6.98,22.98,high,low,8,namecheap,,,12/09/2026 12:00
5b9c9051-3fcb-45ab-b2c5-3985dfef8e68,costas.app,available,8.48,14.69,medium,low,6,spaceship,,,03/10/2026 17:37
f01f60e3-6eea-430c-97ae-d8b3f9c1015d,wirelength.app,available,,,high,high,10,,,,
2c64f0c0-f8da-409f-999c-6aab81ba965f,atwt.app,available,,,high,high,4,,,,
38e041e7-4670-4296-b41f-3aa7bd83b71e,cain.app,resell,,,high,low,4,,,,28/09/2026 09:13
a58f8753-6e74-44ac-95ef-e72c625b0522,headset.app,resell,,,high,low,7,"Sav.com, LLC",11/07/2025 23:33,11/07/2027 23:33,01/10/2026 02:32
d0a268e6-19d5-4c40-a7bb-d88b268100c0,hypophysis.app,available,6.98,22.98,high,medium,10,namecheap,,,08/09/2026 20:09
5587a814-a8d9-4d29-a4d1-79894464f5f6,crc.app,resell,,,high,low,3,,,,28/09/2026 21:11
bbfc50ef-84bb-4ff6-b335-7ee5880143df,acinetiform.app,available,,,medium,low,11,,,,
98282b11-df43-4e3b-ae43-4555caeb842c,farmhouses.app,available,,,medium,low,10,,,,
d726153f-a9ab-4576-80c2-bfe61e31bae1,bayer.app,resell,,,high,medium,5,"GoDaddy.com, LLC",21/07/2019 06:22,21/07/2027 06:22,28/09/2026 17:45
1c82102e-06ef-4089-8afc-4020b2e0c609,calve.app,available,,,high,high,5,,,,
2b7fda90-01f0-414b-9684-f537223a665d,lxiv.app,available,19.5,22.98,medium,low,4,unstoppable,,,04/10/2026 18:56
369f310d-51c6-4575-b2a2-ff627c0ba123,peterhouse.app,available,,,high,high,10,,,,
d7eef014-1fa8-4269-a031-f94daa0a8649,hardee.app,available,10.99,16.99,high,low,6,namesilo,,,03/10/2026 15:34
e0b9fe48-e3ee-4e24-bc09-a6386a5d9f34,prologue.app,resell,,,high,low,8,,,,01/10/2026 03:22
137a7d2d-ada2-4c32-904a-368c6529cfd6,sensualist.app,available,,,high,high,10,,,,
bdf8a5bb-5c28-4a55-a819-55418fd5bd36,marti.app,resell,,,high,low,5,,,,30/09/2026 10:19
8e045f56-4d02-4698-87c2-da71d4c2be09,luchador.app,available,,,high,low,8,,,,
26530a9d-10bf-496f-b5dd-6cd5a39fda46,warlord.app,resell,,,high,low,7,,,,03/10/2026 02:21
a9e6468e-a4e2-40c6-9403-06901e2f3218,reliance.app,resell,,,high,low,8,,,,02/10/2026 06:14
b2a5dc2b-5ae6-487c-bf12-4b29a0ddc2d3,lambrequin.app,available,,,high,high,10,,,,
cb253ac4-6db3-4d51-9ea0-115303257d2b,prato.app,resell,,,medium,low,5,,,,03/10/2026 14:28
c8e926b5-8b7f-4dff-be91-d944101eee84,washcloth.app,available,,,high,high,9,,,,
1bd9ef68-8e2b-43a9-968c-42cd1282d5c1,bodycon.app,available,,,high,high,8,,,,
e471ad33-c456-47c8-af10-17fb90d5d994,powertrains.app,available,,,medium,low,11,,,,
95ed5689-2075-4373-aaa1-eb693f42a6e0,tiflis.app,available,19.5,,high,low,6,unstoppable,,,03/10/2026 12:28
9704223d-7465-47e9-a96c-69484cb87118,williamsport.app,available,8.48,14.69,medium,low,12,spaceship,,,29/09/2026 15:53
11a2337b-91f2-4bcc-a751-ac7df2b59e1b,sleazy.app,available,10.98,22.98,medium,low,6,namecheap,,,11/08/2026 09:04
33386b8a-09ad-4264-b1a6-6886c0902af9,smilodon.app,available,,,high,high,8,,,,
5f471d53-b806-4f5f-9b6f-9d8257aaa64e,artificialness.app,available,,,high,high,14,,,,
d94ce95e-1900-4665-be86-711deb5bcb58,transatlantic.app,available,10.99,16.99,high,low,14,namesilo,,,30/09/2026 14:47
0ed88360-b723-421c-a1e1-09122e1b5358,gomel.app,available,,,high,high,5,,,,
8db172c8-abdb-461b-b8db-63117db8b548,incertain.app,available,10.98,22.98,medium,low,9,namecheap,,,22/08/2026 01:10
5847f9c6-1c26-47e8-86e3-02b2e29df8ec,mutilation.app,available,8.2,14.2,medium,low,10,cloudflare,,,01/10/2026 20:52
52693802-7443-43ac-b04e-459cc3d97362,wainscotting.app,available,,,high,low,12,,,,
1ae64507-5ef1-4afe-93ec-593de9f8e403,hothouse.app,available,,,high,high,8,,,,
fa72d909-0316-49a9-8c19-3c2d5b3d6571,spermatic.app,available,6.98,22.98,high,medium,9,namecheap,,,10/09/2026 15:31
f1cab1aa-100a-4a3f-b012-b775056928bf,nauseating.app,available,10.98,22.98,medium,low,10,namecheap,,,24/08/2026 08:23
efc50a02-b069-4074-bae0-350bbed9ead6,blewit.app,available,10.98,22.98,low,low,7,namecheap,,,17/09/2026 21:32
2eade847-26ef-4bd9-a375-026623be2ead,examining.app,premium,57.82,57.82,high,low,9,namesilo,,,29/09/2026 08:41
d8322348-da2f-4793-a3ea-6c2fe6e291df,kittie.app,available,,,high,high,6,,,,
fdffdf67-99bc-4673-9b42-0f370a1df567,peacoat.app,available,,,high,high,7,,,,
fbd2300e-8cea-4dd8-9ac6-2ae9470e7f0b,abiogenetically.app,available,,,high,high,15,,,,
b990d0d0-ee62-4996-8528-5987e13b57b9,lashes.app,premium,102.67,102.67,medium,low,6,spaceship,,,03/10/2026 18:02
ae5c331f-00b4-41d3-b21e-bb45e62d2801,divisiveness.app,available,,,high,low,12,,,,
353efc88-6f2c-4a3e-9035-831181561340,megaelectronvolt.app,available,,,high,medium,17,,,,
81ae1eba-a801-49c6-9819-da68a4afeb37,backache.app,available,10.99,16.99,high,low,8,namesilo,,,21/09/2026 14:56
b9488ef5-2be7-4e43-8370-e10f0d612604,came.app,premium,254.72,254.72,high,low,4,namesilo,,,30/09/2026 22:36
366c9aa1-85d0-43b4-ac0a-1d69e601bc4f,buttonball.app,available,,,high,high,11,,,,
64939b5a-6ece-4f53-b1a6-594fc1b4b0ef,wulfila.app,available,10.98,22.98,medium,low,7,namecheap,,,23/09/2026 21:57
6344b2c3-7ed4-474c-b439-6251719cf637,cramps.app,available,19.5,,high,low,6,unstoppable,,,03/10/2026 08:23
4d326203-232e-409d-b1fd-b9702fb08f1c,likably.app,available,,,high,high,7,,,,
5ebd78ec-b8c5-4022-bc83-4598f868675c,nascent.app,resell,,,high,low,7,Dynadot LLC.,06/04/2023 08:19,06/04/2027 08:19,26/09/2026 07:42
9d72a16c-612e-49fc-ba9d-f2f972e9ad1b,greats.app,available,,,high,high,6,,,,
9a2df24b-699f-4330-ab14-e0bdbae10bae,delusory.app,available,10.98,22.98,medium,low,8,namecheap,,,13/08/2026 21:18
621e406a-ce58-41cb-b02a-8e10a92df657,megabaud.app,available,,,high,low,8,,,,
0bdc807a-bf15-4b5f-9a24-d5b3636a8178,purple.app,resell,,,high,medium,6,Uniregistrar Corp,04/05/2018 04:31,04/05/2027 04:31,26/09/2026 08:25
dda71c4a-5a01-4782-be81-8191f4fd8e31,septum.app,available,19.5,,high,low,6,unstoppable,,,03/10/2026 21:25
125b622d-4737-4fe1-81f8-649486b89259,freeblown.app,available,,,high,high,10,,,,
4d3c8316-1bff-4adc-b68c-61150b37c15b,wieland.app,available,8.48,14.69,high,low,7,spaceship,,,03/10/2026 02:22
77f34602-155e-4fde-a0b1-af7902bc7bde,threatening.app,available,8.2,14.2,high,low,11,cloudflare,,,01/10/2026 18:33
426a9c13-8d63-4f35-b71b-309ac0f84c7f,moldavia.app,available,19.5,,high,low,8,unstoppable,,,29/09/2026 13:27
e16b2c08-f9bd-48cb-8e67-a2ff6e6e0759,telekinetics.app,available,,,high,low,12,,,,
d6e3d9bd-94af-4402-8145-60d05d9438a6,kisly.app,available,,,high,high,5,,,,
81a5bdae-295e-4c9a-b211-9e98316d03b9,urine.app,premium,50.92,50.92,high,low,5,spaceship,,,28/09/2026 02:54
295b5d17-d01b-47ac-abde-8b9b0bc45a98,deal.app,resell,,,high,low,4,Atom.com Domains LLC,06/10/2025 08:06,06/10/2027 08:06,28/09/2026 05:14
d7d1e0fa-4704-4149-8137-d5d4b850e1f1,cycling.app,resell,,,high,low,7,Nom-IQ Limited dba Com Laude,24/07/2021 11:37,24/07/2027 11:37,26/09/2026 05:24
31d819c3-5df5-4ae4-bd56-03f4162273af,trustees.app,available,10.99,16.99,high,low,8,namesilo,,,29/09/2026 23:08
d63ff5d6-8e06-44eb-811c-1822111cc469,recycled.app,resell,,,high,low,8,"Global Domains International, Inc. DBA DomainCostClub.com",14/02/2021 20:55,14/02/2027 20:55,04/10/2026 13:46
5b6b5672-0f84-4c29-b9fe-e3ec891c1cfc,newsreaders.app,available,,,medium,low,11,,,,
051f64a0-40ce-4594-96f9-fe5e6d5d1fdb,beanbag.app,resell,,,high,low,7,"Global Domains International, Inc. DBA DomainCostClub.com",31/07/2025 18:30,31/07/2027 18:30,26/09/2026 04:19
7f44d8ab-1b6c-4013-a0fc-e9b1b241df08,maleah.app,available,,,high,high,6,,,,
5923febb-903d-4bde-8bc3-d9a950714444,adversity.app,available,10.99,16.99,high,low,9,namesilo,,,17/09/2026 10:54
06d75533-0873-4ee1-ab50-92d6257db745,sumti.app,available,,,high,high,5,,,,
3bfa42bf-785a-4aac-8085-0290e70c7326,larceny.app,available,6.98,22.98,high,low,7,namecheap,,,11/09/2026 13:18
55f21af1-eed5-4d56-8a23-70c606c3c80a,poitiers.app,available,10.99,16.99,medium,low,8,namesilo,,,22/09/2026 15:48
01b4dd2d-9da1-4c30-8201-48da9068ceef,nurmes.app,available,,,high,high,6,,,,
b0047264-b57d-4df1-bdff-f8344ecbcdbf,pbuh.app,available,,,high,high,4,,,,
931a5df1-fd1f-4b7e-98e0-f94b0ca328e3,betancourt.app,available,8.2,14.2,medium,low,10,cloudflare,,,03/10/2026 15:26
17713df7-b8ac-44f7-b8f8-4b2f07269f26,mislead.app,available,10.98,22.98,high,low,7,namecheap,,,02/10/2026 06:44
28927a21-5490-45cf-bbe6-7ded56797e9e,lewiston.app,available,10.99,16.99,medium,low,8,namesilo,,,28/09/2026 14:42
626df1ab-fbaf-4471-a864-27ab431e49fe,shakspearian.app,available,,,high,high,12,,,,
543a3a6c-3c3e-419a-a89d-3f0671303f1b,nonviable.app,available,6.98,22.98,medium,low,9,namecheap,,,03/09/2026 21:02
ab866996-2479-4110-9185-c05bdfa2b646,assurance.app,resell,,,high,low,9,Porkbun LLC,23/07/2022 11:53,23/07/2027 11:53,26/09/2026 04:05
c0340eb8-9f75-44d8-b9a4-2abe51b6fbef,coolants.app,available,,,medium,low,8,,,,
68a0feb3-f483-4dbf-8d52-39a9dc6b20b2,walkmans.app,available,,,medium,low,8,,,,
356f0180-df2b-4ea4-b17a-210d484b166b,selfassurance.app,available,,,high,high,14,,,,
5b0bc684-4072-4822-baf5-4054cf7d2e6e,manlike.app,available,10.98,22.98,high,low,7,namecheap,,,24/08/2026 14:48
995ee9ed-e00c-456a-bc5d-879037070419,whit.app,resell,,,high,high,4,"Sav.com, LLC - 1",02/08/2023 14:39,02/08/2027 14:39,26/09/2026 10:08
437ea7f3-4e2d-451f-b577-4b77dc815f6e,examination.app,premium,108.6,108.6,high,low,11,porkbun,,,27/09/2026 21:26
ba987217-0185-407a-86c5-c988ed6fd911,haze.app,resell,,,high,low,4,,,,30/09/2026 01:51
61ad8328-a43d-468c-ae32-b06fba02316a,abscess.app,available,10.99,16.99,high,low,7,namesilo,,,16/09/2026 17:31
c4eb3bd7-b26b-4429-90a0-c148a9878f89,kpa.app,resell,,,medium,low,3,,,,28/09/2026 16:13
741a22eb-1034-48da-a9f3-1ebbf2bb8de6,nudd.app,available,,,high,high,4,,,,
46078ed9-0f37-4683-8324-9c9ca582c972,marne.app,available,10.99,16.99,high,low,5,namesilo,,,29/09/2026 15:38
00ba35eb-4990-4fca-acfa-1babf89b266c,egovernance.app,available,,,high,low,12,,,,
e0f7384e-e890-46a7-ab05-47813fda5c68,greatly.app,resell,,,high,low,7,"Sav.com, LLC",30/04/2026 21:58,30/04/2027 21:58,28/09/2026 15:04
8c7afced-3039-4894-ab75-fe938bc00614,inserts.app,premium,,,medium,low,7,,,,04/10/2026 20:54
a5a849a8-8b73-4cae-8241-ddd843d85901,denominatives.app,available,,,low,low,13,,,,
3a14cd18-2321-4b85-9520-9e65b0911828,landward.app,available,6.98,22.98,high,low,8,namecheap,,,15/09/2026 10:39
88463c46-3aa8-4161-91ff-b682cbeacc38,stamboul.app,available,,,high,high,8,,,,
78a8249d-7b7b-4880-8192-63cf46f941d8,bugle.app,resell,,,high,low,5,"GoDaddy.com, LLC",18/12/2025 09:02,18/12/2027 09:02,03/10/2026 09:53
2f2345ae-8e53-4b30-8763-dc2a432d8c70,diagnostics.app,premium,206.17,206.17,high,low,11,spaceship,,,02/10/2026 01:39
fcf5758c-8ae4-45c6-a899-3ed0a208df4f,nappies.app,available,,,high,low,7,,,,
331d12a8-9781-471b-8592-a9099feef1fa,nonpareil.app,available,10.98,22.98,high,low,9,namecheap,,,24/08/2026 17:02
389e1785-d47e-4c54-bbfa-a66856151690,housman.app,available,10.99,16.99,medium,low,7,namesilo,,,16/09/2026 12:57
fa0aa700-8832-440b-9b1c-cf9402aa0426,alteregoism.app,available,,,medium,low,11,,,,
8686fd7c-3dac-4a0c-9b6a-df9a78c96ecf,capsaicin.app,available,,,high,high,9,,,,
8c1678c0-a6af-4c07-841b-a973bdac09c2,blixen.app,available,10.98,22.98,high,low,6,namecheap,,,22/09/2026 07:24
07ec2e17-c3f7-404b-972c-7c6d2f371b4c,michiganders.app,available,,,medium,low,12,,,,
42d7289e-5032-43c9-9622-3cc1349f5c33,buskers.app,available,,,high,low,7,,,,
e0abc914-25b4-420f-81bb-9b8a97ecc459,womanflesh.app,available,,,high,high,10,,,,
817fa284-38da-403c-99ad-f603a783908d,godsons.app,available,,,medium,low,7,,,,
243e4d72-acc4-4403-a7aa-1820ecf8ac12,canner.app,available,,,high,high,6,,,,
c96b4ff6-e8cc-4b03-958e-7327c7f7c019,longhead.app,available,,,high,medium,8,,,,
7a28327a-af8f-4738-8258-a992f7636dbb,outbuild.app,available,,,high,high,8,,,,
519a0da2-f0ee-4f66-b834-3ec5357e47be,cherokee.app,premium,118.8,118.8,high,low,8,namesilo,,,24/09/2026 14:17
6dcda50f-01d3-4cad-83c6-1bf1f1092bdf,jolson.app,available,10.99,16.99,high,low,6,namesilo,,,18/09/2026 01:21
13e9c5e3-ef7f-4372-bf80-6f042103f247,necklacing.app,available,,,high,high,10,,,,
11c31f71-539d-438f-91af-cad23fd1aec0,theft.app,resell,,,high,low,5,Dynadot LLC.,08/05/2018 16:04,08/05/2027 16:04,26/09/2026 09:35
fa05103e-7c82-435f-8fa8-f4738bb22d43,diets.app,resell,,,medium,low,5,,,,02/10/2026 12:37
de33ca0f-ac5c-4859-9bed-4925990bfe1f,urchin.app,resell,,,high,high,6,"GoDaddy.com, LLC",09/05/2018 00:59,09/05/2027 00:59,26/09/2026 09:54
7ef04021-6743-4bba-9d80-953e1d7569b3,genitive.app,available,10.98,22.98,high,low,8,namecheap,,,18/08/2026 21:46
a45bd4d2-87e9-47f0-8169-b234d7714ce4,motorcoach.app,available,10.99,16.99,high,low,10,namesilo,,,21/09/2026 06:31
df5b1a19-2eb6-4465-9bc8-1e43b8d21a7e,fruitarian.app,available,,,high,high,10,,,,
61305ebc-24bb-4b71-b128-06d2fbfe76a8,uchicago.app,available,,,high,high,8,,,,
f4c44f20-a4e0-4aa6-8697-dc021456f281,midtwentieth.app,available,,,high,high,13,,,,
278e6e04-9270-4562-9ae9-b9f88354f6d3,cmir.app,available,,,high,high,4,,,,
00ea0a93-789e-4581-be52-46e00a9ba774,indirect.app,available,,,high,low,8,,,,
c3b6570e-4398-4481-bcec-275c613504dc,thrilling.app,available,10.98,22.98,high,low,9,namecheap,,,16/08/2026 02:41
4913dc68-0406-495e-9909-782da01d67a5,indocanadian.app,available,,,high,high,13,,,,
d3bc9ad4-766e-4efa-a005-ac1177ec09f8,doggies.app,available,,,high,medium,7,,,,
3e1ca08c-b5d1-4e7a-a19d-894c5ffec123,midtier.app,available,,,high,low,7,,,,
20f5bb4e-6fde-4bb7-97bd-0820c2be9313,pyotr.app,available,10.99,16.99,medium,low,5,namesilo,,,01/10/2026 11:42
a0cb46e9-55ce-4e3c-8f93-5c1ce242a8ef,resembles.app,available,10.99,16.99,medium,low,9,namesilo,,,30/09/2026 07:07
f4b12f1d-def1-4b75-ad7a-76a01637ffd0,maldivan.app,available,,,high,high,8,,,,
12ceb5b5-cd5c-4047-a052-20b30d638499,tung.app,resell,,,high,low,4,"Global Domains International, Inc. DBA DomainCostClub.com",22/06/2019 00:04,22/06/2027 00:04,26/09/2026 09:48
20a0d5c3-9c1d-46bb-853c-443a02102cf4,candlelights.app,available,,,medium,low,12,,,,
1de1e73a-d96c-478b-a1e9-fc29612fe456,conventional.app,premium,,,medium,low,12,,,,28/09/2026 11:12
cc39b0d4-6fac-4464-aeaf-2c719d7ee444,coaxing.app,available,,,high,high,7,,,,
afda55df-cab1-4e7d-a523-bb69a8a541d6,sexiness.app,available,10.99,16.99,high,low,8,namesilo,,,18/09/2026 16:14
78a68fdc-8b7d-42aa-a0f7-17b35aa67d1d,fastidious.app,available,10.98,22.98,high,low,10,namecheap,,,17/08/2026 15:30
96c0b588-698b-4884-876e-74e3f6bd305d,microbakery.app,available,,,high,high,11,,,,
3959a4c5-28b0-481b-8546-d6fa0d2fdb99,recycleable.app,available,,,high,high,11,,,,
f254a8a4-bb78-435c-aa03-f7679beaee99,alleluiah.app,available,,,high,high,9,,,,
412bca45-aeb5-4005-ae3d-feeacd66c233,gayness.app,available,,,high,high,7,,,,
05e57ee1-bd13-4530-bc89-568bdf5a5afb,balbriggan.app,available,10.98,22.98,medium,low,10,namecheap,,,21/09/2026 21:25
fe5b4a59-a8a7-4aaa-afa4-31daf21e2e34,geddes.app,available,8.48,14.69,high,low,6,spaceship,,,29/09/2026 15:03
a028ac84-3e50-49f1-9558-3713814d2f42,oengus.app,available,10.99,16.99,medium,low,6,namesilo,,,17/09/2026 12:31
57cc7972-80b0-48ca-847a-a3f50b65d1c4,registerer.app,available,,,high,high,10,,,,
6aa9581e-3fc2-4314-a7c3-61663fea7a9c,beijingnese.app,available,,,medium,low,11,,,,
b8f89ca7-4dc2-48b8-8385-1f604a99f5b1,bridegroom.app,available,8.75,14.93,high,low,10,porkbun,,,03/10/2026 19:08
3ada9b7d-0477-4fd5-843d-c0d3db00f7f9,afforests.app,available,,,medium,low,9,,,,
05b88bba-2a06-446b-9e50-8ac648640b0b,drinketh.app,available,,,medium,low,8,,,,
3cb7f396-a699-4ae0-a89d-b2e54e4f1ae9,zapotec.app,available,6.98,22.98,high,low,7,namecheap,,,13/09/2026 15:07
94932216-8fce-430f-bae0-a186c47b446d,abounded.app,available,,,medium,low,8,,,,
162ce7ed-b7c9-4298-bf45-2672c4c1e264,rightist.app,available,6.98,22.98,high,low,8,namecheap,,,09/09/2026 17:31
49a4c432-f8c8-41ed-8952-aaf8764c35b3,europeans.app,resell,,,high,low,9,,,,30/09/2026 15:43
6476c492-1832-46ba-8dda-7ec3c370d717,wreaths.app,available,,,high,low,7,,,,
ec57065d-d130-4601-b248-32ca0b827ade,dealing.app,premium,118.8,118.8,high,low,7,namesilo,,,25/09/2026 04:50
2c40754f-54ba-4a8f-b3d2-c9b94bd516b4,interactively.app,available,,,high,high,13,,,,
3dca5afa-bb38-4788-9a41-939531e67922,playstationer.app,available,,,high,high,13,,,,
2571c405-c7bc-43f7-93cd-59061b300ad1,toiling.app,available,10.98,22.98,high,low,7,namecheap,,,14/08/2026 20:00
b5e4f3c6-6ab8-454c-a24a-b7d0e7f81777,alborg.app,available,10.98,22.98,medium,low,6,namecheap,,,16/09/2026 13:12
05269f6f-4571-426e-81ad-54aa8d727f2b,loyally.app,available,,,high,low,7,,,,
70f395f4-d507-43d2-9fd3-4815b71d534a,sava.app,resell,,,high,low,4,,,,30/09/2026 05:14
b5a146f9-6a68-40e1-88ef-53bdda9a7871,agra.app,resell,,,high,low,4,"Global Domains International, Inc. DBA DomainCostClub.com",13/07/2020 05:44,13/07/2027 05:44,26/09/2026 01:27
42fcc8d5-e963-4b61-bedc-8259c1c6c285,astrophotograph.app,available,,,high,high,15,,,,
8848f76d-75d6-4cdd-a9bb-fb00ca63e963,course.app,resell,,,high,low,6,"Global Domains International, Inc. DBA DomainCostClub.com",30/06/2025 08:47,30/06/2027 08:47,03/10/2026 20:18
8e2bfa3c-f5e6-4282-bb31-331e2d9fbd78,analyser.app,resell,,,high,low,8,Dynadot LLC.,22/03/2025 21:00,22/03/2027 21:00,26/09/2026 03:51
eed293ec-9a85-4e93-9bd3-6c319f7f7fe6,sry.app,available,,,high,high,3,,,,
76a70314-4d9a-4e7e-afcf-9413bc68f5d6,rosebush.app,available,,,high,medium,8,,,,
d42fc68c-29d6-45ff-8d03-3b1d38d91f95,praising.app,available,10.98,22.98,high,low,8,namecheap,,,22/08/2026 20:53
50a86fc5-9094-4892-b6b7-d1bd5ee6d68a,stripboard.app,available,,,high,high,10,,,,
9aa28d7a-da9b-4b54-8045-942d6c72da0c,euphemism.app,available,,,high,high,9,,,,
01b733f2-f08e-40c5-ad02-a2e0c4b0b35b,whelps.app,available,,,medium,low,6,,,,
45cd4d76-125b-4ded-9f08-8093eecf942f,bipartisan.app,available,10.98,22.98,high,low,10,namecheap,,,10/08/2026 04:32
6ad6d3f7-9f4a-453c-95f7-273d346f487a,northerly.app,available,6.98,22.98,high,low,9,namecheap,,,03/09/2026 21:23
8fbc8d12-eca5-4a0b-ada5-ee91d36a5b36,liaoning.app,resell,,,medium,low,8,,,,30/09/2026 13:11
97f1aa90-c062-4eff-88f1-fe3ce7b7289d,meaningless.app,available,19.5,,medium,low,11,unstoppable,,,28/09/2026 15:49
df0bec17-1c64-4197-955e-bd9a7d1c5a8d,earning.app,resell,,,medium,low,7,,,,28/09/2026 13:27
9147d96b-e2f6-49c7-be8c-e4bf8b900832,jettisoned.app,available,,,medium,low,10,,,,
c60772ca-953f-4694-99de-c1db553a3552,implore.app,available,,,high,high,7,,,,
a1959616-8ad8-427d-968c-e9a57ea65d71,buoyant.app,resell,,,high,low,7,"Global Domains International, Inc. DBA DomainCostClub.com",13/02/2021 09:20,13/02/2027 09:20,26/09/2026 04:40
588a07ef-d015-4447-a848-0250ade60b0d,maratha.app,available,19.5,,high,low,7,unstoppable,,,02/10/2026 05:41
b9a26eb0-96b1-4de7-a92f-41ddafc163de,unfamiliar.app,available,6.98,22.98,high,low,10,namecheap,,,12/09/2026 09:55
48833896-17fd-4e26-8a18-da7e6c06f402,bronzy.app,available,10.98,22.98,medium,low,6,namecheap,,,11/08/2026 05:39
9544d330-de59-41a6-aebd-34738f11715e,wolfhound.app,available,,,high,high,9,,,,
798ed81f-4f87-4320-bdb5-ba76ca9832cd,adaptogen.app,available,,,high,high,9,,,,
9b4b8c03-3561-435c-8725-2756f8fae206,tillers.app,available,10.99,16.99,medium,low,7,namesilo,,,20/09/2026 14:06
11dd649c-f212-4e5c-a329-ced2ad8d2bec,backport.app,available,10.99,16.99,high,high,8,namesilo,,,27/09/2026 05:04
49579358-778c-4aa1-93e3-92ff060d0b06,argentine.app,available,,,high,high,9,,,,
598636e2-552e-4c80-93e2-3b7ea3c719c6,departmental.app,available,10.99,16.99,high,low,12,namesilo,,,30/09/2026 14:39
0f960d53-e5e4-4cfc-9011-f8a40482d98c,geniculation.app,available,,,medium,low,12,,,,
c3c86e9b-4b47-49af-a2c0-99dfd0519fa6,medline.app,premium,102.67,102.67,high,low,7,spaceship,,,04/10/2026 12:36
b2264824-0a6e-417e-b061-3d1984462b5f,sparkly.app,resell,,,high,low,7,"Sav.com, LLC",09/08/2021 18:56,09/08/2027 18:56,26/09/2026 09:11
b1d8484b-c95b-4b93-a0b1-4fc6b42d426a,matty.app,resell,,,high,low,5,,,,01/10/2026 23:18
95b7888c-5145-4e05-92f3-47326fde04e6,midwinterly.app,available,,,medium,low,12,,,,
9f899f1d-7c0c-4c42-9fa3-1e7fd07395fc,ignored.app,premium,57.82,57.82,high,low,7,namesilo,,,21/08/2026 18:34
52a53abd-a620-49af-943d-023db66d3428,baptists.app,available,10.98,22.98,high,low,8,namecheap,,,22/09/2026 03:33
cf1dc5b9-c143-43fd-b971-68a14481dafb,stunting.app,available,10.99,16.99,high,low,8,namesilo,,,17/09/2026 12:54
10023ad0-ee32-4398-aee7-47072791662e,jasper.app,resell,,,high,low,6,,,,30/09/2026 17:43
3ddfdc67-bcb3-4f66-8542-4cc08ecbd52d,frittatas.app,available,,,medium,low,9,,,,
00c6c6c2-39e1-4b7b-a5d7-c13388a01b57,gorky.app,available,10.99,16.99,high,low,5,namesilo,,,18/09/2026 05:08
c50dd762-2a07-4a8c-84b8-5762fa11ca0c,accountableness.app,available,,,high,high,15,,,,
7de574d7-ce02-420a-b1d4-338e646167f5,rejecting.app,available,10.99,16.99,medium,low,9,namesilo,,,30/09/2026 00:04
17e37e49-a6bf-411d-a05b-c0dc621e500d,tumbling.app,available,10.99,16.99,high,low,8,namesilo,,,17/09/2026 03:22
711311d5-7da6-4431-85c3-7707b2b2a591,maryland.app,resell,,,medium,low,8,"Global Domains International, Inc. DBA DomainCostClub.com",24/07/2021 08:20,24/07/2027 08:20,28/09/2026 19:17
43df8415-a0d4-41bb-89f1-b9287b4764a5,hunk.app,resell,,,high,low,4,Dynadot LLC.,24/07/2023 13:35,24/07/2027 13:35,02/10/2026 15:45
93a70816-a0d3-4c71-b0e0-9e46c11dc497,lentils.app,available,10.99,16.99,medium,low,7,namesilo,,,21/09/2026 05:31
45a0a3cb-61e3-426f-9842-f5f232eb230c,ripened.app,available,6.98,22.98,high,low,7,namecheap,,,09/09/2026 17:55
51328142-98d3-48b1-b763-d09ba3ecc940,umbrella.app,resell,,,high,low,8,"Global Domains International, Inc. DBA DomainCostClub.com",22/07/2024 16:17,22/07/2027 16:17,26/09/2026 09:50
935ec690-dfea-4fb0-a49b-c5b8e84e916d,juneau.app,resell,,,high,high,6,"Global Domains International, Inc. DBA DomainCostClub.com",05/12/2021 16:06,05/12/2026 16:06,26/09/2026 07:02
e1404a51-b93f-4ac5-9582-c81c3c29d75f,prurient.app,available,10.98,22.98,medium,low,8,namecheap,,,24/08/2026 11:58
59c6d6ef-997f-4652-9d99-41063c125ec4,regathered.app,available,,,medium,low,10,,,,
e0713214-56a7-479a-a259-6686ab38b853,pungent.app,available,10.98,22.98,high,low,7,namecheap,,,
dc852b3c-439f-48e0-8c8f-2e19b249b983,infowarrior.app,available,,,high,high,11,,,,
542d2493-a71d-4a83-a5ce-ffe4d8160237,dinner.app,resell,,,high,low,6,Dynadot LLC.,08/10/2022 23:15,08/10/2027 23:15,29/09/2026 15:01
b233b886-5be0-4108-bf86-e57442faa44b,scioto.app,available,8.48,14.69,high,low,6,spaceship,,,02/10/2026 10:27
73de91c2-7783-48e4-bcfa-d1ce0240390d,parthian.app,available,6.98,22.98,high,low,8,namecheap,,,08/09/2026 01:59
2aae60ac-8f7c-4cad-b04a-e5f3aec0a957,supped.app,available,,,medium,low,6,,,,
22e4d70d-c7f3-4275-b4e4-e0a4e6e5d35b,unassign.app,available,,,high,high,8,,,,
24b4de49-3766-4f5f-a344-0bb230c591d2,legitimacy.app,available,10.99,16.99,high,low,10,namesilo,,,21/09/2026 05:07
e0ab489a-9013-4e6e-8eda-da277f65ac38,love.app,resell,,,high,medium,4,"GoDaddy.com, LLC",03/05/2018 17:26,03/05/2031 17:26,26/09/2026 07:19
6f216b83-3c40-4aa9-9d96-6062862b452d,redcedars.app,available,,,medium,low,9,,,,
5cd786df-2d80-4966-97ff-376731b8e568,deducted.app,available,,,high,low,8,,,,
d8838c1a-7977-4dcd-b222-e1ee0decc141,pillowtop.app,available,,,high,high,9,,,,
190107d1-b9ed-48f2-b521-fb96e0bac01a,equalized.app,available,,,medium,low,9,,,,
4caea452-7458-42be-9cfd-350e53e84065,regulate.app,resell,,,high,low,8,"Sav.com, LLC - 42",24/07/2026 22:31,24/07/2027 22:31,30/09/2026 11:03
af0a4265-d294-49db-9bd3-7961539189cd,recommend.app,resell,,,high,low,9,GrepApps Technology Inc.,28/01/2026 16:31,28/01/2027 16:31,28/09/2026 19:07
63812eb8-b2c4-41a4-b46d-74d1f0412222,goldhammer.app,available,,,high,high,11,,,,
695eda76-330c-4ee4-8db9-d40dce679734,swashbuckle.app,available,,,high,high,11,,,,
cdbd2633-48f1-4cf1-8081-2f1087c7311c,ionian.app,available,,,high,low,6,,,,
da8e7c5f-5575-4794-a9f3-483f8e53a937,forthspeak.app,available,,,high,high,10,,,,
35a9e571-a3ae-4d2c-bda8-75076316610e,accourts.app,available,,,medium,low,8,,,,
b50f1952-3bde-4099-a6c3-53fa52d1f602,dropship.app,resell,,,high,high,8,"GoDaddy.com, LLC",06/05/2018 18:03,06/05/2027 18:03,26/09/2026 05:42
2720fcfc-0bbb-43e4-950d-3f8cd384897b,editorlike.app,available,,,high,high,10,,,,
b75e05ba-f165-4026-9e29-5abf8c491099,footlights.app,available,,,high,high,10,,,,
8f9e6b33-c543-4d2e-b4d3-edbf64dddf6c,augustinism.app,available,,,high,high,11,,,,
06a46434-c847-49f6-ac80-5d468bf750d3,reich.app,premium,50.92,50.92,high,low,5,spaceship,,,29/09/2026 02:01
f79ccecf-4e1e-419f-866c-aee5d4eb8b1a,corporatize.app,available,,,high,high,11,,,,
ad5942d5-a300-4c2b-aa4d-936e881a2961,coition.app,available,,,high,medium,7,,,,
84ba25e2-3e77-4fc0-9f42-1bf48576a8b0,maxilla.app,available,10.98,22.98,high,low,7,namecheap,,,24/08/2026 17:52
5d47b4ef-763b-42f4-8799-eb3d84444cb1,mizzenmast.app,available,,,high,high,10,,,,
7ea459e6-878a-4ec9-bdf0-da511a29e28a,toney.app,available,,,high,low,5,,,,
8368d6f4-5cbe-4914-90cc-be9953645027,attanagh.app,available,,,high,high,8,,,,
afd9bc33-d1e0-4943-aa12-237491e58446,rhinion.app,available,,,high,high,7,,,,
2614a627-66da-4fdd-998d-50947ab63779,gowhole.app,available,,,high,high,7,,,,
26e74514-c8a3-4ab4-aa8a-43f87ae5e0d6,snatching.app,available,19.5,,high,low,9,unstoppable,,,03/10/2026 22:23
46f296ba-c968-4d42-a358-725c74d2b301,biarritz.app,resell,,,high,low,8,,,,04/10/2026 15:48
9a74aead-c4dc-47e5-8a94-ca25531818bb,sportingness.app,available,,,low,low,12,,,,
ed1dd474-e5ba-41fd-a6e9-b2d780c5f260,defends.app,available,8.48,14.69,medium,low,7,spaceship,,,02/10/2026 02:36
801b6f20-ad25-4e54-a0d4-1269d13a2dd5,anonymise.app,available,,,high,high,9,,,,
60f810e2-df31-46f1-8cfd-eb9c022c82d2,molecular.app,premium,248.75,248.75,high,low,9,name.com,,,25/08/2026 03:53
01be794a-9c49-4fa0-9fe2-350e30f1d0a0,untouchable.app,resell,,,high,low,11,,,,03/10/2026 13:37
e58d6381-c564-4b59-bb93-8efee0040dec,okinawa.app,resell,,,high,low,7,,,,30/09/2026 10:39
f6a2c940-2400-4788-ace3-cf2dcf8f56b5,epiracy.app,available,,,medium,low,8,,,,
5892e41b-b30b-4a8b-bebd-d0fa88214402,capillaries.app,available,,,medium,low,11,,,,
ea8b242c-4e31-4e25-b180-316328021f45,classifying.app,available,,,high,high,11,,,,
dd1aec80-44bd-4bd5-b068-272d3c78026a,kmt.app,resell,,,high,low,3,,,,29/09/2026 22:33
054714a4-5667-4a7f-b8c3-ab5c4b7e1b3d,ementee.app,available,,,high,high,8,,,,
0922b66c-aca6-487c-ba3a-e830262daeb5,ungroomed.app,available,6.98,22.98,medium,low,9,namecheap,,,12/09/2026 11:34
a92f1da7-186d-41bb-92e0-a8be228bbc12,stringently.app,available,,,high,high,11,,,,
4c0d963d-cda8-49d9-ab51-c2979325f820,descents.app,available,,,medium,low,8,,,,
d2d1f1c4-1828-4211-abe6-965ebcf44fa9,paragon.app,resell,,,high,low,7,"Global Domains International, Inc. DBA DomainCostClub.com",08/05/2018 16:02,08/05/2027 16:02,26/09/2026 08:01
c7c6cf88-893f-415f-8a93-f5c056cc507d,stuttered.app,available,,,medium,low,9,,,,
88e30c9f-11ab-4086-b811-2308927adceb,picks.app,resell,,,high,low,5,Dynadot LLC.,14/06/2025 08:16,14/06/2027 08:16,26/09/2026 08:09
dd077d7a-86b7-4113-bc4c-1f14b58a02b0,isaacs.app,available,10.99,16.99,high,low,6,namesilo,,,29/09/2026 10:02
2dfde59c-dfab-4580-ad62-018fd4af5d4d,blazoned.app,available,,,high,low,8,,,,
c709d597-939d-4498-a363-d10626ad1036,chouteau.app,available,10.99,16.99,medium,low,8,namesilo,,,04/10/2026 17:41
07bde9c5-3582-4aa0-b46b-a9d5a04408f0,born.app,resell,,,high,low,4,"Global Domains International, Inc. DBA DomainCostClub.com",14/02/2024 12:12,14/02/2027 12:12,26/09/2026 04:33
5266b469-b881-4678-bd00-d59e4718c386,psyches.app,available,,,medium,low,7,,,,
187b02d5-15e1-4afd-9cbc-847c935ee52f,freerun.app,available,,,high,high,8,,,,
a1ba8500-e3fd-4f54-a347-7f3a2ca1d4fd,enceinte.app,available,10.98,22.98,high,low,8,namecheap,,,16/08/2026 22:09
dda3e04e-e9f9-42ac-9a1f-40aa6a4bc68c,greeley.app,available,14.2,14.2,medium,low,7,cloudflare,,,28/09/2026 14:21
27d574e0-237e-46ed-9cde-73464548cda2,cyberlegal.app,available,,,high,high,10,,,,
b53b1f0a-ee5e-483b-a374-faa962257b34,russian.app,premium,518.7,518.7,high,low,7,namecheap,,,27/09/2026 17:35
69d1ddc1-00f8-493d-80c8-858dd55bf8b3,bucklings.app,available,,,medium,low,9,,,,
328e64cb-f743-4fe1-aa34-9dd1eec73bc1,alisha.app,available,,,high,high,6,,,,
1ba00393-105b-4646-8144-ecebbd0962f9,celt.app,resell,,,high,high,4,"GoDaddy.com, LLC",09/05/2018 23:07,09/05/2028 23:07,26/09/2026 04:49
f4361a16-58ea-4d89-9d8d-739cc1a0e659,invariable.app,available,,,high,low,10,,,,
c8e9629f-3cab-448b-871a-c453ab91af1e,bowels.app,available,10.99,16.99,high,low,6,namesilo,,,01/10/2026 18:47
b4876a1c-d133-48e8-ba18-6dfa52666708,infrastructures.app,available,,,medium,low,15,,,,
2a1f77af-b759-4191-99d3-dae0ae968324,mooney.app,resell,,,high,low,6,,,,28/09/2026 03:44
d40e324d-f5c6-42fb-a3b2-8faeff52d5aa,lindsay.app,premium,99.2,118.8,high,low,7,unstoppable,,,29/09/2026 23:06
e267aa6f-8af1-49be-acff-4be7c423c0a6,louvre.app,resell,,,high,low,6,"Sav.com, LLC",24/07/2022 08:23,24/07/2027 08:23,30/09/2026 10:29
20396b25-b10f-4d04-9e7b-3202a6f0ac96,okeechobee.app,available,10.99,16.99,high,low,10,namesilo,,,03/10/2026 01:26
50111622-3ac4-4800-97b1-12d9fa55af53,ambystoma.app,available,10.99,16.99,medium,low,9,namesilo,,,18/09/2026 17:36
df6df431-7110-490d-b928-d8da0b791593,wagers.app,resell,,,high,medium,6,Dynadot LLC.,04/12/2023 23:45,04/12/2026 23:45,26/09/2026 10:02
549db30a-760b-45bd-acb3-77266d0fa2a7,prepares.app,available,19.5,,medium,low,8,unstoppable,,,30/09/2026 16:00
4f8e6eac-8639-47ef-b6b1-030271270589,kintbury.app,available,,,high,high,8,,,,
28c783ac-e785-4db8-8838-dc69695d9797,lavonia.app,available,,,high,high,7,,,,
7ca63559-c703-445b-8f57-0cfe1673dd67,swerve.app,resell,,,high,low,6,,,,27/09/2026 20:50
5a4529eb-4a9c-4939-b127-901cb1342cd1,silvervine.app,available,10.99,16.99,medium,low,10,namesilo,,,17/09/2026 04:49
625f2a8e-bf13-44d9-85d1-e75203641a9b,interspersed.app,available,,,high,high,12,,,,